trial,n_real,n_pos
1,2,1
2,2,0
3,2,0
4,2,0
5,2,0
6,2,0
7,2,0
8,2,0
9,2,0
10,2,1
11,2,0
12,2,0
13,2,0
14,2,0
15,2,0
16,2,0
17,2,1
18,2,2
19,2,2
20,2,1
21,2,1
22,2,0
23,2,1
24,2,0
25,2,0
26,2,0
27,2,0
28,2,1
29,2,0
30,2,0
31,2,0
32,2,1
33,2,0
34,4,0
35,2,0
36,2,0
37,0,0
38,4,3
39,2,1
40,2,0
41,2,0
42,2,1
43,0,0
44,2,1
45,2,1
46,2,0
47,4,0
48,2,1
49,2,1
50,2,0
51,2,0
52,2,1
53,2,0
54,2,0
55,0,0
56,0,0
57,2,0
58,2,1
59,2,0
60,2,1
61,2,0
62,2,0
63,2,1
64,2,0
65,2,0
66,2,1
67,2,0
68,2,0
69,2,1
70,2,1
71,2,2
72,4,0
73,2,1
74,2,0
75,2,1
76,2,1
77,2,1
78,2,0
79,2,0
80,2,0
81,2,0
82,2,0
83,2,0
84,2,1
85,4,2
86,2,0
87,2,0
88,2,1
89,4,2
90,2,0
91,2,1
92,2,1
93,2,1
94,2,0
95,2,0
96,2,0
97,2,1
98,2,0
99,2,0
100,2,1
101,2,0
102,2,1
103,2,0
104,0,0
105,2,1
106,2,1
107,2,2
108,2,0
109,2,0
110,2,0
111,2,1
112,2,1
113,4,0
114,2,1
115,2,1
116,4,2
117,2,0
118,2,1
119,2,0
120,2,0
121,2,1
122,2,1
123,2,0
124,4,0
125,2,0
126,4,2
127,0,0
128,2,0
129,2,0
130,2,0
131,2,2
132,2,1
133,2,0
134,2,1
135,2,1
136,2,0
137,2,1
138,2,0
139,2,1
140,4,0
141,2,1
142,2,0
143,2,0
144,2,0
145,4,0
146,4,0
147,2,0
148,0,0
149,2,1
150,2,0
151,2,0
152,2,1
153,4,2
154,2,0
155,4,0
156,4,3
157,2,0
158,4,1
159,2,0
160,2,0
161,2,0
162,2,1
163,2,0
164,2,0
165,4,0
166,2,0
167,2,0
168,2,1
169,2,0
170,2,1
171,2,1
172,2,2
173,2,1
174,2,1
175,2,1
176,2,1
177,2,2
178,2,0
179,2,1
180,0,0
181,2,0
182,2,0
183,2,1
184,4,1
185,0,0
186,4,2
187,4,0
188,2,0
189,2,0
190,2,0
191,4,0
192,0,0
193,0,0
194,2,0
195,2,0
196,2,0
197,2,2
198,0,0
199,2,1
200,0,0
201,2,0
202,2,0
203,2,0
204,2,0
205,2,0
206,2,0
207,2,0
208,4,0
209,2,0
210,2,1
211,2,0
212,2,0
213,4,0
214,2,1
215,2,1
216,2,0
217,2,0
218,4,1
219,2,1
220,0,0
221,2,1
222,0,0
223,2,1
224,2,2
225,2,0
226,4,1
227,2,0
228,4,0
229,2,1
230,2,1
231,2,1
232,2,1
233,2,0
234,2,0
235,4,2
236,2,1
237,0,0
238,2,0
239,2,0
240,2,0
241,2,0
242,2,1
243,4,2
244,2,0
245,2,0
246,2,0
247,2,1
248,2,0
249,2,2
250,2,1
251,2,0
252,0,0
253,0,0
254,4,1
255,0,0
256,4,0
257,2,2
258,2,0
259,4,2
260,2,1
261,2,0
262,4,2
263,2,0
264,2,0
265,2,1
266,2,0
267,2,0
268,2,1
269,2,1
270,0,0
271,4,0
272,4,0
273,2,1
274,2,1
275,2,0
276,2,0
277,2,0
278,4,1
279,2,0
280,2,0
281,2,0
282,2,1
283,2,0
284,2,0
285,2,0
286,2,0
287,2,0
288,0,0
289,2,1
290,2,1
291,2,1
292,2,0
293,2,0
294,2,0
295,0,0
296,2,1
297,2,0
298,4,0
299,4,2
300,4,1
301,2,0
302,2,0
303,0,0
304,2,1
305,2,1
306,2,0
307,2,0
308,2,0
309,4,3
310,2,0
311,2,0
312,2,1
313,0,0
314,2,0
315,4,0
316,2,0
317,2,0
318,4,3
319,0,0
320,2,2
321,2,2
322,2,1
323,2,2
324,2,0
325,2,0
326,2,1
327,2,0
328,2,2
329,2,1
330,2,0
331,2,1
332,4,1
333,4,2
334,4,1
335,2,1
336,2,0
337,2,1
338,2,1
339,2,0
340,2,0
341,2,0
342,2,1
343,0,0
344,2,0
345,2,0
346,2,1
347,2,0
348,2,2
349,4,2
350,2,0
351,2,1
352,2,0
353,2,1
354,2,1
355,4,0
356,4,2
357,0,0
358,2,1
359,0,0
360,4,3
361,2,0
362,2,0
363,2,1
364,0,0
365,0,0
366,4,2
367,4,1
368,4,2
369,2,1
370,2,1
371,2,0
372,2,0
373,2,0
374,2,0
375,4,1
376,2,0
377,2,1
378,2,0
379,2,0
380,2,1
381,4,0
382,2,1
383,4,2
384,2,1
385,4,0
386,2,0
387,2,1
388,2,0
389,2,1
390,2,0
391,2,1
392,4,1
393,2,0
394,4,0
395,4,0
396,2,0
397,2,1
398,2,0
399,2,1
400,2,0
401,2,1
402,2,0
403,2,0
404,2,1
405,2,1
406,2,1
407,2,0
408,2,0
409,4,1
410,2,0
411,2,0
412,4,1
413,2,0
414,2,1
415,2,2
416,2,0
417,2,0
418,2,0
419,2,2
420,0,0
421,2,0
422,2,0
423,2,1
424,2,1
425,2,1
426,2,1
427,2,2
428,0,0
429,4,1
430,2,1
431,2,0
432,2,0
433,2,0
434,2,1
435,4,2
436,2,2
437,4,2
438,2,1
439,2,0
440,2,0
441,2,0
442,2,0
443,2,1
444,2,0
445,2,1
446,0,0
447,2,0
448,4,2
449,2,0
450,2,0
451,2,1
452,4,0
453,2,0
454,2,1
455,4,1
456,2,0
457,0,0
458,2,1
459,4,0
460,2,1
461,2,1
462,2,1
463,2,0
464,2,1
465,4,1
466,2,1
467,2,1
468,2,1
469,2,0
470,2,0
471,2,0
472,2,0
473,2,1
474,2,0
475,0,0
476,4,0
477,2,1
478,2,1
479,2,1
480,2,1
481,2,0
482,2,0
483,2,0
484,2,0
485,2,0
486,2,0
487,4,0
488,2,0
489,2,0
490,2,0
491,2,0
492,4,2
493,2,0
494,2,1
495,2,0
496,2,0
497,2,2
498,0,0
499,2,1
500,2,0
501,0,0
502,2,0
503,4,3
504,2,0
505,2,0
506,2,1
507,2,1
508,2,1
509,2,0
510,2,1
511,2,0
512,2,0
513,4,1
514,2,1
515,2,1
516,2,1
517,4,0
518,4,1
519,4,0
520,2,0
521,2,0
522,2,1
523,2,0
524,0,0
525,2,1
526,4,1
527,0,0
528,0,0
529,2,0
530,2,0
531,2,0
532,4,2
533,2,1
534,2,1
535,2,0
536,2,0
537,2,0
538,2,0
539,2,1
540,2,0
541,2,1
542,4,1
543,2,1
544,0,0
545,2,1
546,4,0
547,2,1
548,2,1
549,2,0
550,2,0
551,2,0
552,2,0
553,2,0
554,2,1
555,4,0
556,0,0
557,4,1
558,2,1
559,2,2
560,2,1
561,4,2
562,4,1
563,2,0
564,2,1
565,2,0
566,2,1
567,2,0
568,2,1
569,4,1
570,2,2
571,2,0
572,2,0
573,2,1
574,0,0
575,4,3
576,4,3
577,2,1
578,2,1
579,2,1
580,2,0
581,2,1
582,2,0
583,4,1
584,2,0
585,2,1
586,2,0
587,2,0
588,0,0
589,2,0
590,2,1
591,2,1
592,4,1
593,2,1
594,2,1
595,2,2
596,2,1
597,2,0
598,2,0
599,4,1
600,2,0
601,0,0
602,4,1
603,2,0
604,4,1
605,2,1
606,2,0
607,2,1
608,2,0
609,2,1
610,2,1
611,2,1
612,2,0
613,2,1
614,2,0
615,2,0
616,4,0
617,2,1
618,2,0
619,2,0
620,2,0
621,2,0
622,2,1
623,0,0
624,0,0
625,0,0
626,2,0
627,2,1
628,2,0
629,2,0
630,2,1
631,2,1
632,4,1
633,2,1
634,4,1
635,2,1
636,4,0
637,2,0
638,2,1
639,4,1
640,4,0
641,2,0
642,2,2
643,4,0
644,2,1
645,0,0
646,2,2
647,2,1
648,2,0
649,4,0
650,2,0
651,2,0
652,2,0
653,2,0
654,2,1
655,0,0
656,2,1
657,2,1
658,2,0
659,2,0
660,2,0
661,2,0
662,2,1
663,2,1
664,2,1
665,0,0
666,2,1
667,2,0
668,2,0
669,4,0
670,0,0
671,0,0
672,2,0
673,2,1
674,4,1
675,2,0
676,2,0
677,2,0
678,4,1
679,2,0
680,2,0
681,2,1
682,4,0
683,2,1
684,2,1
685,2,1
686,2,1
687,2,0
688,4,0
689,2,0
690,2,1
691,2,0
692,4,1
693,0,0
694,4,1
695,2,0
696,2,0
697,2,1
698,4,0
699,2,0
700,2,0
701,2,0
702,2,1
703,2,1
704,2,0
705,4,0
706,2,1
707,4,0
708,2,1
709,2,0
710,0,0
711,0,0
712,0,0
713,2,1
714,2,1
715,2,1
716,2,0
717,0,0
718,0,0
719,2,1
720,4,3
721,4,1
722,2,1
723,2,0
724,0,0
725,4,1
726,2,0
727,2,0
728,4,0
729,2,0
730,2,0
731,2,1
732,4,1
733,2,1
734,2,0
735,2,0
736,2,0
737,4,2
738,2,2
739,2,0
740,4,2
741,2,0
742,2,0
743,4,0
744,2,1
745,2,0
746,2,0
747,2,0
748,2,0
749,2,1
750,4,1
751,4,1
752,2,0
753,4,2
754,2,0
755,2,1
756,2,0
757,2,0
758,2,0
759,2,0
760,2,2
761,4,1
762,2,1
763,4,1
764,2,0
765,2,1
766,4,2
767,2,1
768,2,1
769,2,0
770,2,0
771,2,1
772,2,0
773,4,2
774,2,0
775,2,1
776,2,0
777,2,0
778,2,0
779,2,0
780,0,0
781,2,1
782,2,0
783,4,1
784,2,0
785,2,0
786,0,0
787,2,0
788,2,0
789,4,0
790,2,1
791,2,0
792,2,0
793,2,1
794,2,0
795,2,1
796,2,0
797,2,0
798,2,0
799,4,2
800,2,0
801,4,2
802,2,1
803,2,0
804,4,0
805,2,1
806,0,0
807,2,1
808,2,1
809,2,1
810,4,2
811,2,1
812,2,0
813,2,0
814,2,0
815,2,0
816,2,0
817,2,0
818,2,0
819,0,0
820,4,0
821,2,0
822,2,0
823,4,0
824,2,0
825,2,1
826,2,0
827,4,0
828,2,1
829,2,0
830,2,1
831,2,0
832,2,1
833,2,0
834,0,0
835,2,1
836,2,0
837,2,0
838,4,0
839,2,1
840,2,1
841,2,1
842,4,1
843,2,0
844,2,1
845,2,1
846,2,0
847,2,1
848,2,0
849,2,1
850,2,0
851,2,0
852,2,0
853,2,1
854,2,0
855,2,0
856,2,0
857,4,1
858,2,0
859,2,1
860,2,0
861,4,1
862,2,0
863,2,0
864,2,1
865,4,1
866,0,0
867,4,0
868,2,0
869,2,1
870,4,0
871,2,0
872,2,0
873,4,0
874,2,1
875,2,0
876,2,0
877,4,1
878,4,0
879,2,0
880,0,0
881,2,1
882,2,0
883,4,1
884,2,1
885,4,1
886,2,0
887,2,1
888,2,1
889,2,0
890,2,0
891,2,2
892,2,1
893,2,0
894,2,0
895,2,1
896,4,1
897,2,0
898,2,0
899,4,0
900,4,0
901,2,2
902,0,0
903,2,0
904,2,1
905,0,0
906,4,1
907,0,0
908,2,0
909,2,0
910,4,2
911,2,0
912,0,0
913,4,3
914,2,0
915,2,1
916,2,0
917,4,0
918,2,1
919,0,0
920,0,0
921,2,0
922,2,1
923,2,0
924,2,1
925,2,0
926,4,0
927,2,0
928,0,0
929,2,0
930,2,1
931,2,1
932,2,2
933,2,0
934,4,0
935,2,1
936,2,1
937,4,1
938,2,0
939,2,0
940,2,0
941,2,0
942,4,3
943,0,0
944,2,1
945,2,0
946,2,0
947,2,0
948,2,1
949,2,0
950,2,1
951,2,0
952,2,1
953,2,0
954,2,1
955,2,0
956,2,1
957,2,0
958,2,0
959,2,0
960,2,2
961,2,0
962,2,1
963,0,0
964,2,0
965,4,1
966,2,0
967,4,0
968,2,1
969,2,0
970,2,0
971,2,0
972,2,0
973,2,2
974,2,1
975,2,0
976,0,0
977,2,0
978,2,0
979,2,1
980,2,0
981,4,2
982,2,1
983,2,0
984,4,2
985,2,1
986,2,0
987,2,0
988,2,0
989,2,0
990,2,1
991,2,1
992,0,0
993,2,0
994,2,1
995,2,2
996,4,1
997,2,0
998,2,1
999,2,0
1000,2,1
1001,2,0
1002,2,1
1003,2,0
1004,4,3
1005,2,0
1006,4,1
1007,2,0
1008,2,1
1009,2,1
1010,2,1
1011,2,0
1012,2,0
1013,2,0
1014,2,0
1015,2,1
1016,2,0
1017,2,0
1018,2,0
1019,2,0
1020,2,0
1021,2,0
1022,0,0
1023,2,0
1024,2,1
1025,4,1
1026,2,0
1027,2,0
1028,2,1
1029,4,1
1030,2,0
1031,2,0
1032,2,1
1033,2,0
1034,4,1
1035,2,1
1036,2,2
1037,2,2
1038,2,0
1039,2,0
1040,0,0
1041,2,1
1042,2,0
1043,4,2
1044,2,1
1045,2,0
1046,2,0
1047,0,0
1048,2,1
1049,2,0
1050,2,0
1051,2,0
1052,4,2
1053,2,0
1054,2,1
1055,2,0
1056,2,1
1057,2,0
1058,0,0
1059,2,1
1060,4,0
1061,2,0
1062,2,1
1063,2,1
1064,2,0
1065,2,2
1066,2,1
1067,0,0
1068,2,0
1069,2,1
1070,2,1
1071,0,0
1072,2,1
1073,2,0
1074,2,0
1075,4,0
1076,2,0
1077,2,2
1078,2,1
1079,2,0
1080,2,1
1081,2,0
1082,2,0
1083,2,0
1084,2,0
1085,4,1
1086,2,2
1087,4,0
1088,2,1
1089,2,1
1090,4,1
1091,0,0
1092,4,0
1093,2,0
1094,2,0
1095,2,0
1096,2,0
1097,2,0
1098,2,0
1099,4,0
1100,4,1
1101,2,2
1102,2,0
1103,2,0
1104,2,0
1105,2,0
1106,0,0
1107,0,0
1108,2,0
1109,0,0
1110,2,1
1111,2,1
1112,2,0
1113,2,1
1114,2,0
1115,2,2
1116,2,1
1117,2,0
1118,2,1
1119,4,0
1120,0,0
1121,2,0
1122,2,0
1123,2,1
1124,2,0
1125,2,0
1126,2,1
1127,2,0
1128,4,2
1129,2,0
1130,2,0
1131,2,0
1132,2,0
1133,2,1
1134,2,1
1135,2,0
1136,2,1
1137,2,0
1138,2,0
1139,0,0
1140,2,0
1141,2,1
1142,2,0
1143,2,0
1144,2,0
1145,2,0
1146,2,0
1147,2,0
1148,2,0
1149,2,1
1150,2,0
1151,2,0
1152,4,2
1153,2,0
1154,4,2
1155,2,1
1156,2,1
1157,2,0
1158,2,0
1159,2,1
1160,0,0
1161,4,0
1162,4,0
1163,2,1
1164,2,1
1165,0,0
1166,0,0
1167,2,0
1168,2,0
1169,4,0
1170,2,1
1171,4,2
1172,2,1
1173,2,1
1174,2,0
1175,2,2
1176,2,1
1177,2,0
1178,2,1
1179,2,0
1180,2,0
1181,2,0
1182,4,2
1183,4,1
1184,2,1
1185,2,0
1186,2,1
1187,4,0
1188,2,0
1189,0,0
1190,2,0
1191,2,0
1192,2,1
1193,0,0
1194,2,0
1195,2,0
1196,4,1
1197,2,0
1198,2,0
1199,4,1
1200,2,0
1201,4,1
1202,2,0
1203,2,0
1204,0,0
1205,2,1
1206,2,2
1207,2,1
1208,2,2
1209,2,1
1210,2,0
1211,2,1
1212,2,0
1213,4,1
1214,4,1
1215,0,0
1216,2,0
1217,4,0
1218,0,0
1219,2,1
1220,2,0
1221,2,1
1222,4,0
1223,2,0
1224,2,0
1225,4,2
1226,2,1
1227,2,1
1228,4,3
1229,2,1
1230,2,1
1231,4,0
1232,2,2
1233,4,2
1234,2,0
1235,2,1
1236,2,1
1237,4,1
1238,0,0
1239,2,0
1240,2,0
1241,4,0
1242,2,0
1243,4,1
1244,2,0
1245,2,1
1246,2,0
1247,2,1
1248,2,0
1249,2,1
1250,2,0
1251,2,0
1252,2,0
1253,2,0
1254,2,1
1255,2,0
1256,2,1
1257,2,1
1258,2,0
1259,4,0
1260,2,1
1261,2,0
1262,2,0
1263,2,0
1264,4,0
1265,2,1
1266,2,1
1267,2,0
1268,0,0
1269,2,0
1270,2,0
1271,2,1
1272,2,0
1273,2,0
1274,2,1
1275,0,0
1276,2,1
1277,2,0
1278,2,0
1279,2,0
1280,2,1
1281,2,1
1282,4,1
1283,2,0
1284,4,2
1285,2,1
1286,2,1
1287,2,1
1288,0,0
1289,2,1
1290,2,1
1291,2,2
1292,2,1
1293,0,0
1294,4,1
1295,0,0
1296,2,0
1297,2,1
1298,2,1
1299,4,1
1300,2,0
1301,2,1
1302,2,1
1303,2,1
1304,4,1
1305,2,1
1306,0,0
1307,2,1
1308,2,1
1309,2,1
1310,0,0
1311,2,0
1312,2,0
1313,2,0
1314,2,0
1315,2,1
1316,4,2
1317,2,1
1318,0,0
1319,2,0
1320,2,2
1321,2,1
1322,2,1
1323,2,1
1324,2,0
1325,4,1
1326,2,1
1327,2,1
1328,4,0
1329,2,1
1330,0,0
1331,2,1
1332,2,0
1333,2,0
1334,2,1
1335,0,0
1336,2,1
1337,0,0
1338,2,0
1339,2,0
1340,2,0
1341,2,2
1342,2,0
1343,2,0
1344,2,1
1345,0,0
1346,2,1
1347,4,0
1348,4,2
1349,2,0
1350,2,0
1351,2,0
1352,2,0
1353,2,0
1354,2,0
1355,0,0
1356,4,1
1357,2,1
1358,4,3
1359,0,0
1360,2,0
1361,2,1
1362,2,0
1363,2,0
1364,2,0
1365,2,0
1366,2,1
1367,2,1
1368,2,0
1369,2,0
1370,2,0
1371,2,1
1372,2,0
1373,2,1
1374,4,0
1375,2,0
1376,2,1
1377,2,2
1378,2,0
1379,2,0
1380,2,1
1381,2,1
1382,2,1
1383,2,1
1384,2,1
1385,2,0
1386,2,1
1387,2,2
1388,4,0
1389,2,1
1390,2,0
1391,2,1
1392,2,1
1393,2,2
1394,2,0
1395,2,1
1396,4,1
1397,2,0
1398,2,0
1399,4,1
1400,4,1
1401,4,0
1402,2,0
1403,2,1
1404,4,1
1405,4,1
1406,2,1
1407,2,0
1408,2,1
1409,4,2
1410,2,1
1411,2,1
1412,2,0
1413,2,1
1414,2,0
1415,2,1
1416,2,0
1417,2,0
1418,2,0
1419,4,2
1420,0,0
1421,2,0
1422,4,1
1423,0,0
1424,4,1
1425,4,0
1426,4,3
1427,2,1
1428,2,0
1429,2,0
1430,2,1
1431,4,0
1432,0,0
1433,2,0
1434,2,0
1435,2,0
1436,4,0
1437,2,0
1438,2,1
1439,2,1
1440,0,0
1441,4,2
1442,2,0
1443,2,0
1444,2,0
1445,4,0
1446,2,2
1447,2,1
1448,2,0
1449,4,1
1450,2,0
1451,2,1
1452,2,0
1453,2,0
1454,2,0
1455,2,0
1456,2,0
1457,2,1
1458,2,1
1459,2,1
1460,2,0
1461,2,1
1462,2,0
1463,4,1
1464,2,1
1465,4,1
1466,2,1
1467,2,0
1468,2,0
1469,2,0
1470,2,1
1471,2,0
1472,2,1
1473,2,1
1474,2,0
1475,4,3
1476,4,1
1477,2,0
1478,2,0
1479,4,0
1480,2,0
1481,2,1
1482,0,0
1483,2,0
1484,4,1
1485,2,0
1486,2,1
1487,4,1
1488,2,0
1489,4,1
1490,2,1
1491,2,0
1492,4,1
1493,2,1
1494,2,0
1495,4,0
1496,4,0
1497,2,1
1498,2,0
1499,2,0
1500,2,0
1501,2,0
1502,2,0
1503,2,1
1504,2,1
1505,2,0
1506,4,1
1507,4,1
1508,2,1
1509,2,0
1510,2,1
1511,4,0
1512,2,0
1513,4,2
1514,2,0
1515,4,0
1516,2,2
1517,4,0
1518,2,0
1519,2,0
1520,2,0
1521,2,0
1522,4,0
1523,2,0
1524,2,0
1525,2,1
1526,2,0
1527,2,0
1528,2,0
1529,2,1
1530,2,0
1531,2,1
1532,4,2
1533,2,0
1534,4,1
1535,2,0
1536,2,0
1537,4,0
1538,2,2
1539,2,0
1540,4,0
1541,2,1
1542,0,0
1543,2,0
1544,0,0
1545,0,0
1546,2,1
1547,4,3
1548,2,0
1549,4,2
1550,4,1
1551,4,1
1552,2,0
1553,4,0
1554,0,0
1555,2,1
1556,2,0
1557,2,1
1558,2,0
1559,2,1
1560,2,0
1561,2,1
1562,2,1
1563,2,1
1564,4,1
1565,2,0
1566,4,1
1567,2,1
1568,2,0
1569,2,0
1570,2,0
1571,2,0
1572,2,0
1573,2,0
1574,2,0
1575,2,0
1576,2,1
1577,4,0
1578,2,1
1579,2,1
1580,4,3
1581,4,0
1582,2,0
1583,2,0
1584,2,0
1585,2,0
1586,4,1
1587,2,1
1588,2,0
1589,0,0
1590,2,0
1591,0,0
1592,4,1
1593,0,0
1594,2,1
1595,4,0
1596,0,0
1597,2,0
1598,2,1
1599,2,1
1600,2,0
1601,2,1
1602,2,1
1603,2,0
1604,2,0
1605,2,0
1606,4,1
1607,2,0
1608,2,1
1609,2,0
1610,2,2
1611,2,0
1612,2,0
1613,2,0
1614,2,1
1615,2,0
1616,2,0
1617,2,2
1618,2,0
1619,4,0
1620,2,1
1621,2,0
1622,2,0
1623,4,2
1624,2,0
1625,2,1
1626,2,1
1627,2,0
1628,4,2
1629,2,0
1630,4,0
1631,4,0
1632,2,1
1633,2,2
1634,2,1
1635,2,1
1636,2,0
1637,2,1
1638,4,3
1639,4,1
1640,2,1
1641,2,1
1642,2,2
1643,2,0
1644,2,2
1645,2,1
1646,2,1
1647,2,0
1648,2,1
1649,2,0
1650,2,1
1651,2,1
1652,2,0
1653,2,0
1654,2,1
1655,2,0
1656,2,0
1657,4,0
1658,2,1
1659,2,1
1660,2,1
1661,2,0
1662,2,1
1663,2,1
1664,2,0
1665,2,0
1666,4,2
1667,2,0
1668,2,1
1669,2,1
1670,0,0
1671,2,0
1672,2,2
1673,2,1
1674,2,0
1675,2,1
1676,2,1
1677,2,1
1678,2,0
1679,2,2
1680,0,0
1681,2,0
1682,2,0
1683,2,0
1684,2,0
1685,2,1
1686,4,0
1687,2,0
1688,2,0
1689,2,1
1690,2,1
1691,4,2
1692,2,0
1693,2,1
1694,2,0
1695,2,0
1696,2,1
1697,2,2
1698,0,0
1699,2,0
1700,2,1
1701,2,1
1702,0,0
1703,4,2
1704,2,0
1705,4,0
1706,2,0
1707,0,0
1708,2,1
1709,2,1
1710,2,1
1711,2,0
1712,2,1
1713,4,0
1714,0,0
1715,2,0
1716,0,0
1717,2,0
1718,2,0
1719,2,1
1720,4,0
1721,2,1
1722,2,0
1723,2,0
1724,2,0
1725,2,0
1726,2,1
1727,2,1
1728,2,1
1729,2,1
1730,4,0
1731,0,0
1732,2,2
1733,0,0
1734,2,1
1735,4,0
1736,2,0
1737,2,0
1738,2,2
1739,2,0
1740,2,0
1741,2,1
1742,2,0
1743,2,0
1744,2,1
1745,2,1
1746,2,0
1747,2,0
1748,2,1
1749,2,0
1750,2,0
1751,2,0
1752,2,1
1753,4,0
1754,2,0
1755,2,1
1756,2,0
1757,2,0
1758,2,1
1759,4,2
1760,2,0
1761,2,1
1762,2,0
1763,2,1
1764,2,0
1765,2,1
1766,2,1
1767,4,0
1768,2,1
1769,2,1
1770,2,0
1771,2,1
1772,4,1
1773,4,0
1774,2,1
1775,4,0
1776,4,1
1777,2,0
1778,2,1
1779,2,1
1780,2,1
1781,2,0
1782,4,1
1783,2,1
1784,4,2
1785,2,0
1786,4,1
1787,2,0
1788,2,0
1789,2,1
1790,2,0
1791,2,1
1792,2,0
1793,0,0
1794,2,0
1795,2,0
1796,2,0
1797,2,1
1798,4,0
1799,0,0
1800,2,1
1801,2,1
1802,2,1
1803,4,1
1804,4,2
1805,2,0
1806,2,0
1807,2,0
1808,2,0
1809,2,0
1810,4,0
1811,2,1
1812,2,1
1813,2,0
1814,4,0
1815,2,0
1816,0,0
1817,2,0
1818,2,0
1819,2,1
1820,2,1
1821,2,1
1822,2,1
1823,2,0
1824,2,0
1825,0,0
1826,2,0
1827,2,0
1828,2,2
1829,2,1
1830,2,0
1831,2,1
1832,2,0
1833,2,1
1834,2,1
1835,4,0
1836,2,1
1837,4,1
1838,2,1
1839,4,1
1840,2,2
1841,2,0
1842,2,0
1843,2,0
1844,2,0
1845,2,0
1846,2,0
1847,2,0
1848,0,0
1849,2,1
1850,2,0
1851,2,0
1852,2,1
1853,4,2
1854,2,1
1855,4,1
1856,4,0
1857,2,1
1858,2,0
1859,2,0
1860,2,1
1861,2,2
1862,2,0
1863,2,0
1864,0,0
1865,0,0
1866,2,2
1867,4,1
1868,2,1
1869,2,1
1870,2,0
1871,2,1
1872,2,0
1873,2,0
1874,2,0
1875,4,3
1876,4,1
1877,2,0
1878,2,1
1879,2,1
1880,0,0
1881,2,1
1882,4,0
1883,0,0
1884,2,2
1885,0,0
1886,2,0
1887,2,0
1888,2,1
1889,2,0
1890,2,0
1891,0,0
1892,2,0
1893,2,0
1894,2,1
1895,2,0
1896,2,1
1897,2,1
1898,2,1
1899,0,0
1900,2,1
1901,2,1
1902,4,3
1903,2,0
1904,2,1
1905,2,1
1906,4,2
1907,2,1
1908,2,0
1909,2,0
1910,2,0
1911,2,0
1912,2,1
1913,0,0
1914,4,2
1915,2,1
1916,2,0
1917,2,0
1918,2,1
1919,2,1
1920,2,1
1921,2,0
1922,2,0
1923,4,1
1924,2,1
1925,2,2
1926,2,1
1927,2,0
1928,2,0
1929,4,1
1930,2,1
1931,2,0
1932,2,1
1933,2,0
1934,2,0
1935,2,0
1936,2,0
1937,2,0
1938,2,0
1939,2,1
1940,2,0
1941,2,0
1942,2,1
1943,4,0
1944,4,3
1945,2,0
1946,2,0
1947,2,1
1948,4,0
1949,2,1
1950,0,0
1951,2,0
1952,2,0
1953,4,1
1954,2,2
1955,4,0
1956,2,1
1957,2,1
1958,2,1
1959,2,0
1960,2,1
1961,2,0
1962,0,0
1963,2,0
1964,2,2
1965,2,1
1966,2,1
1967,2,0
1968,2,1
1969,2,0
1970,0,0
1971,2,1
1972,2,0
1973,2,0
1974,2,0
1975,2,0
1976,2,0
1977,2,0
1978,4,3
1979,2,1
1980,4,2
1981,2,2
1982,4,2
1983,0,0
1984,2,0
1985,2,1
1986,2,0
1987,2,0
1988,2,0
1989,2,1
1990,4,1
1991,2,1
1992,0,0
1993,4,0
1994,2,0
1995,2,0
1996,2,2
1997,2,0
1998,2,0
1999,4,1
2000,2,1
2001,4,1
2002,2,0
2003,2,1
2004,2,1
2005,2,1
2006,2,0
2007,2,1
2008,2,1
2009,4,1
2010,2,0
2011,4,2
2012,4,0
2013,2,1
2014,2,0
2015,2,0
2016,4,0
2017,0,0
2018,2,1
2019,2,1
2020,2,1
2021,0,0
2022,4,2
2023,2,1
2024,2,1
2025,2,0
2026,2,0
2027,2,0
2028,2,0
2029,2,1
2030,4,0
2031,4,1
2032,2,1
2033,2,1
2034,2,0
2035,2,1
2036,2,1
2037,0,0
2038,2,1
2039,2,1
2040,2,0
2041,2,1
2042,2,0
2043,2,1
2044,2,0
2045,2,1
2046,2,1
2047,2,0
2048,2,0
2049,2,1
2050,2,1
2051,2,0
2052,2,0
2053,2,0
2054,0,0
2055,2,1
2056,0,0
2057,2,0
2058,2,1
2059,4,1
2060,2,1
2061,2,1
2062,2,1
2063,2,0
2064,2,0
2065,2,0
2066,2,0
2067,2,0
2068,2,1
2069,4,1
2070,2,1
2071,2,0
2072,4,2
2073,2,0
2074,0,0
2075,2,1
2076,4,1
2077,2,0
2078,2,0
2079,2,0
2080,0,0
2081,2,1
2082,2,1
2083,4,2
2084,2,1
2085,2,0
2086,4,0
2087,2,2
2088,2,1
2089,2,0
2090,4,1
2091,0,0
2092,4,1
2093,2,1
2094,2,2
2095,2,0
2096,2,1
2097,4,2
2098,2,0
2099,2,1
2100,2,1
2101,2,0
2102,2,1
2103,2,1
2104,2,0
2105,4,1
2106,4,2
2107,2,0
2108,2,1
2109,2,0
2110,2,0
2111,4,0
2112,2,0
2113,4,0
2114,2,0
2115,2,1
2116,2,1
2117,2,1
2118,2,0
2119,4,2
2120,2,0
2121,2,1
2122,0,0
2123,2,1
2124,2,1
2125,4,1
2126,2,0
2127,2,0
2128,2,1
2129,4,0
2130,2,1
2131,2,0
2132,2,1
2133,2,0
2134,2,0
2135,4,1
2136,4,1
2137,4,1
2138,2,0
2139,2,0
2140,2,1
2141,2,0
2142,2,1
2143,2,1
2144,2,0
2145,2,0
2146,2,1
2147,2,0
2148,2,1
2149,2,0
2150,2,1
2151,4,2
2152,2,1
2153,2,0
2154,2,0
2155,2,0
2156,0,0
2157,2,1
2158,4,1
2159,0,0
2160,4,2
2161,2,0
2162,2,0
2163,2,0
2164,2,0
2165,2,1
2166,2,0
2167,4,0
2168,2,0
2169,2,0
2170,2,0
2171,2,0
2172,2,0
2173,2,1
2174,2,1
2175,2,0
2176,0,0
2177,2,1
2178,2,1
2179,2,0
2180,2,0
2181,4,1
2182,2,1
2183,0,0
2184,0,0
2185,2,1
2186,2,0
2187,2,1
2188,2,0
2189,2,1
2190,4,2
2191,2,1
2192,2,1
2193,2,1
2194,2,1
2195,2,0
2196,4,0
2197,2,1
2198,2,1
2199,2,0
2200,2,0
2201,2,1
2202,2,0
2203,2,0
2204,2,1
2205,2,1
2206,4,1
2207,2,0
2208,2,1
2209,2,1
2210,2,2
2211,2,0
2212,2,1
2213,4,1
2214,2,0
2215,4,2
2216,2,0
2217,4,1
2218,2,0
2219,2,1
2220,2,1
2221,2,0
2222,4,0
2223,0,0
2224,2,1
2225,4,0
2226,4,0
2227,2,1
2228,2,0
2229,2,0
2230,4,0
2231,2,2
2232,2,0
2233,2,0
2234,2,1
2235,2,1
2236,4,1
2237,2,0
2238,4,1
2239,2,1
2240,2,1
2241,2,0
2242,2,0
2243,2,1
2244,2,1
2245,2,2
2246,2,0
2247,2,1
2248,2,0
2249,2,0
2250,4,1
2251,2,0
2252,2,0
2253,4,1
2254,0,0
2255,2,0
2256,2,0
2257,0,0
2258,2,1
2259,0,0
2260,4,1
2261,2,1
2262,4,1
2263,2,1
2264,2,1
2265,2,1
2266,0,0
2267,2,1
2268,2,0
2269,0,0
2270,2,0
2271,2,0
2272,2,0
2273,2,0
2274,4,1
2275,2,0
2276,2,0
2277,2,1
2278,2,1
2279,2,0
2280,0,0
2281,2,1
2282,2,0
2283,2,1
2284,4,2
2285,1,1
2286,2,1
2287,2,1
2288,2,1
2289,2,0
2290,2,1
2291,2,0
2292,2,1
2293,2,1
2294,2,0
2295,2,0
2296,2,0
2297,2,0
2298,0,0
2299,2,0
2300,2,0
2301,2,1
2302,2,1
2303,2,1
2304,2,2
2305,2,1
2306,2,0
2307,2,0
2308,2,0
2309,0,0
2310,4,0
2311,2,1
2312,2,1
2313,2,1
2314,2,1
2315,2,2
2316,2,2
2317,2,0
2318,4,2
2319,2,1
2320,0,0
2321,2,1
2322,2,0
2323,2,1
2324,2,1
2325,2,0
2326,2,1
2327,2,0
2328,0,0
2329,2,1
2330,2,0
2331,2,1
2332,0,0
2333,2,1
2334,2,0
2335,2,1
2336,2,0
2337,2,0
2338,4,0
2339,2,0
2340,2,0
2341,2,0
2342,2,1
2343,2,0
2344,2,1
2345,4,2
2346,4,1
2347,2,1
2348,0,0
2349,2,0
2350,2,1
2351,0,0
2352,4,0
2353,2,1
2354,4,1
2355,2,0
2356,2,1
2357,2,1
2358,2,0
2359,2,2
2360,2,0
2361,2,0
2362,2,1
2363,2,1
2364,2,1
2365,4,1
2366,2,2
2367,2,0
2368,2,1
2369,2,0
2370,2,0
2371,2,2
2372,2,2
2373,2,0
2374,2,1
2375,2,1
2376,2,1
2377,2,1
2378,2,1
2379,2,0
2380,2,1
2381,2,1
2382,2,0
2383,2,0
2384,2,0
2385,0,0
2386,2,0
2387,4,1
2388,0,0
2389,2,0
2390,4,1
2391,2,2
2392,4,2
2393,2,1
2394,2,1
2395,0,0
2396,0,0
2397,2,1
2398,2,1
2399,2,1
2400,2,1
2401,0,0
2402,2,2
2403,2,1
2404,2,0
2405,2,0
2406,2,1
2407,2,0
2408,2,1
2409,2,1
2410,2,1
2411,2,0
2412,2,0
2413,2,2
2414,4,1
2415,0,0
2416,0,0
2417,2,0
2418,2,0
2419,2,1
2420,2,1
2421,2,0
2422,2,1
2423,2,0
2424,2,2
2425,2,1
2426,2,1
2427,2,0
2428,2,1
2429,2,1
2430,2,0
2431,2,1
2432,2,0
2433,2,0
2434,4,2
2435,2,1
2436,2,1
2437,2,0
2438,2,0
2439,2,1
2440,2,0
2441,0,0
2442,2,1
2443,0,0
2444,2,1
2445,2,1
2446,2,0
2447,2,0
2448,0,0
2449,2,1
2450,2,1
2451,2,0
2452,2,1
2453,2,0
2454,4,1
2455,4,0
2456,2,0
2457,0,0
2458,2,1
2459,2,1
2460,2,0
2461,2,0
2462,2,1
2463,2,0
2464,2,0
2465,4,0
2466,2,0
2467,2,1
2468,2,1
2469,2,0
2470,2,2
2471,4,1
2472,2,0
2473,4,0
2474,2,0
2475,0,0
2476,4,2
2477,2,0
2478,2,1
2479,2,1
2480,0,0
2481,2,1
2482,2,1
2483,2,0
2484,2,0
2485,2,0
2486,2,0
2487,2,0
2488,4,0
2489,4,0
2490,4,0
2491,4,1
2492,2,0
2493,2,0
2494,2,0
2495,4,1
2496,4,2
2497,2,0
2498,2,0
2499,2,1
2500,4,1
2501,0,0
2502,2,0
2503,2,0
2504,2,0
2505,4,2
2506,2,1
2507,2,1
2508,2,0
2509,2,1
2510,2,1
2511,2,0
2512,0,0
2513,2,1
2514,2,1
2515,4,1
2516,2,1
2517,2,2
2518,2,1
2519,2,1
2520,2,0
2521,2,0
2522,2,1
2523,2,1
2524,2,0
2525,2,0
2526,2,1
2527,2,1
2528,4,1
2529,2,2
2530,4,3
2531,4,1
2532,2,0
2533,4,2
2534,2,0
2535,0,0
2536,2,1
2537,2,1
2538,2,1
2539,2,1
2540,2,0
2541,4,1
2542,4,3
2543,0,0
2544,2,0
2545,2,0
2546,2,0
2547,2,0
2548,2,0
2549,2,1
2550,2,1
2551,2,2
2552,2,1
2553,2,1
2554,4,2
2555,2,0
2556,2,2
2557,2,0
2558,2,0
2559,2,0
2560,2,0
2561,2,1
2562,2,1
2563,0,0
2564,2,0
2565,4,2
2566,2,1
2567,2,1
2568,2,0
2569,2,0
2570,2,0
2571,0,0
2572,4,1
2573,2,2
2574,2,0
2575,2,1
2576,2,1
2577,2,1
2578,2,0
2579,2,0
2580,2,0
2581,2,1
2582,2,0
2583,2,1
2584,2,1
2585,2,0
2586,2,0
2587,2,1
2588,2,1
2589,4,0
2590,2,0
2591,2,1
2592,4,0
2593,2,1
2594,2,2
2595,4,2
2596,2,1
2597,2,1
2598,4,1
2599,2,1
2600,2,0
2601,2,1
2602,2,0
2603,4,1
2604,2,1
2605,2,0
2606,2,0
2607,4,1
2608,2,1
2609,2,0
2610,0,0
2611,2,1
2612,2,1
2613,2,1
2614,2,0
2615,2,1
2616,2,1
2617,4,1
2618,4,0
2619,2,0
2620,4,3
2621,0,0
2622,2,0
2623,2,0
2624,2,0
2625,2,0
2626,2,0
2627,2,0
2628,4,2
2629,4,1
2630,2,0
2631,2,0
2632,0,0
2633,4,1
2634,2,1
2635,2,1
2636,2,0
2637,2,1
2638,4,1
2639,2,0
2640,0,0
2641,2,1
2642,2,1
2643,4,1
2644,2,0
2645,2,1
2646,2,0
2647,2,0
2648,2,1
2649,2,2
2650,2,0
2651,2,1
2652,2,0
2653,2,0
2654,4,0
2655,2,0
2656,2,1
2657,0,0
2658,2,1
2659,2,1
2660,2,0
2661,2,0
2662,2,0
2663,2,0
2664,2,0
2665,2,1
2666,2,0
2667,0,0
2668,2,0
2669,0,0
2670,2,1
2671,2,0
2672,2,0
2673,4,3
2674,2,0
2675,2,1
2676,2,0
2677,4,2
2678,2,1
2679,4,0
2680,2,0
2681,2,0
2682,2,0
2683,2,0
2684,2,1
2685,4,0
2686,2,0
2687,4,1
2688,2,0
2689,2,1
2690,2,1
2691,2,0
2692,4,3
2693,2,1
2694,2,0
2695,2,0
2696,2,1
2697,2,0
2698,2,0
2699,0,0
2700,2,0
2701,2,0
2702,2,1
2703,2,0
2704,2,0
2705,2,0
2706,2,1
2707,2,1
2708,4,2
2709,2,1
2710,4,0
2711,4,1
2712,4,1
2713,2,1
2714,2,1
2715,0,0
2716,0,0
2717,2,0
2718,2,0
2719,2,1
2720,2,1
2721,2,1
2722,2,0
2723,4,0
2724,4,0
2725,0,0
2726,2,0
2727,4,2
2728,2,2
2729,2,0
2730,2,1
2731,0,0
2732,4,2
2733,2,0
2734,2,0
2735,4,0
2736,2,0
2737,2,0
2738,2,0
2739,2,1
2740,2,1
2741,2,2
2742,2,1
2743,2,0
2744,2,0
2745,2,1
2746,2,0
2747,2,0
2748,2,0
2749,2,1
2750,2,1
2751,4,0
2752,4,0
2753,4,2
2754,2,0
2755,2,1
2756,2,1
2757,2,1
2758,4,2
2759,2,0
2760,2,1
2761,4,1
2762,2,0
2763,2,0
2764,4,0
2765,2,0
2766,2,0
2767,2,1
2768,2,0
2769,2,1
2770,2,1
2771,2,0
2772,2,0
2773,2,1
2774,4,0
2775,2,0
2776,2,0
2777,2,0
2778,4,1
2779,2,1
2780,2,2
2781,2,1
2782,2,1
2783,2,0
2784,2,1
2785,2,1
2786,2,0
2787,4,1
2788,2,0
2789,4,2
2790,4,1
2791,4,2
2792,2,0
2793,2,1
2794,2,1
2795,0,0
2796,2,1
2797,4,0
2798,2,0
2799,2,0
2800,2,1
2801,2,0
2802,2,1
2803,4,1
2804,2,0
2805,2,1
2806,2,0
2807,2,0
2808,2,1
2809,2,1
2810,2,0
2811,2,1
2812,2,0
2813,4,1
2814,2,0
2815,2,0
2816,2,1
2817,2,0
2818,2,0
2819,2,0
2820,4,0
2821,2,0
2822,2,1
2823,2,0
2824,2,0
2825,2,0
2826,2,2
2827,2,1
2828,4,1
2829,2,2
2830,4,0
2831,2,0
2832,0,0
2833,2,0
2834,2,0
2835,2,0
2836,4,1
2837,2,0
2838,2,0
2839,2,0
2840,0,0
2841,4,2
2842,2,0
2843,0,0
2844,2,0
2845,2,0
2846,2,0
2847,2,0
2848,2,0
2849,4,1
2850,2,0
2851,2,2
2852,2,0
2853,4,1
2854,4,0
2855,2,1
2856,2,1
2857,2,0
2858,2,0
2859,2,0
2860,4,0
2861,2,0
2862,2,1
2863,2,1
2864,2,1
2865,2,1
2866,2,0
2867,2,1
2868,2,1
2869,2,0
2870,4,1
2871,2,1
2872,2,1
2873,2,0
2874,4,0
2875,4,0
2876,2,0
2877,2,0
2878,2,0
2879,2,1
2880,2,0
2881,2,1
2882,4,2
2883,2,1
2884,2,1
2885,2,0
2886,0,0
2887,2,0
2888,2,0
2889,2,1
2890,4,1
2891,2,1
2892,2,2
2893,2,0
2894,4,0
2895,2,1
2896,4,1
2897,2,0
2898,2,0
2899,2,1
2900,2,0
2901,2,0
2902,2,1
2903,2,0
2904,4,1
2905,2,1
2906,4,1
2907,2,1
2908,2,0
2909,2,1
2910,2,0
2911,2,1
2912,2,1
2913,2,1
2914,2,0
2915,4,0
2916,0,0
2917,2,2
2918,2,1
2919,2,1
2920,2,0
2921,2,0
2922,2,1
2923,2,0
2924,0,0
2925,2,1
2926,2,1
2927,2,0
2928,2,0
2929,2,1
2930,2,0
2931,4,1
2932,0,0
2933,2,0
2934,2,1
2935,2,0
2936,2,0
2937,4,0
2938,4,2
2939,4,2
2940,0,0
2941,2,1
2942,2,0
2943,2,1
2944,0,0
2945,4,0
2946,2,1
2947,2,0
2948,2,0
2949,4,1
2950,2,1
2951,4,0
2952,2,0
2953,2,0
2954,2,0
2955,2,1
2956,2,0
2957,2,1
2958,2,0
2959,4,0
2960,4,2
2961,2,0
2962,2,0
2963,2,1
2964,2,1
2965,2,0
2966,2,0
2967,2,0
2968,2,1
2969,2,1
2970,2,1
2971,2,0
2972,2,0
2973,2,0
2974,2,1
2975,2,0
2976,4,2
2977,2,0
2978,2,0
2979,2,0
2980,2,1
2981,4,1
2982,2,0
2983,2,1
2984,4,0
2985,2,0
2986,2,1
2987,2,0
2988,2,0
2989,2,1
2990,0,0
2991,2,1
2992,4,2
2993,2,1
2994,2,0
2995,2,0
2996,4,1
2997,2,0
2998,2,0
2999,4,1
3000,2,1
3001,2,1
3002,4,2
3003,2,0
3004,2,1
3005,4,2
3006,2,0
3007,2,2
3008,4,1
3009,2,1
3010,4,1
3011,2,0
3012,2,0
3013,2,0
3014,0,0
3015,2,0
3016,2,2
3017,2,0
3018,4,0
3019,2,1
3020,2,0
3021,2,1
3022,2,1
3023,0,0
3024,2,1
3025,2,0
3026,4,2
3027,2,1
3028,2,0
3029,2,0
3030,2,0
3031,2,1
3032,2,0
3033,0,0
3034,2,1
3035,2,0
3036,2,1
3037,2,0
3038,2,0
3039,2,1
3040,2,0
3041,4,0
3042,2,0
3043,4,1
3044,2,0
3045,2,1
3046,2,0
3047,2,0
3048,2,0
3049,2,1
3050,2,2
3051,2,1
3052,2,0
3053,2,1
3054,2,0
3055,2,0
3056,2,0
3057,2,1
3058,2,0
3059,2,0
3060,2,0
3061,2,0
3062,2,1
3063,0,0
3064,2,0
3065,2,0
3066,2,0
3067,2,1
3068,2,0
3069,2,0
3070,2,0
3071,2,1
3072,2,0
3073,2,0
3074,2,1
3075,2,0
3076,2,0
3077,4,1
3078,2,0
3079,2,2
3080,2,1
3081,2,2
3082,2,1
3083,0,0
3084,2,0
3085,2,0
3086,2,0
3087,2,0
3088,2,1
3089,2,1
3090,2,1
3091,2,0
3092,4,1
3093,2,1
3094,2,1
3095,2,0
3096,2,0
3097,2,1
3098,2,0
3099,2,1
3100,2,1
3101,2,1
3102,4,2
3103,0,0
3104,2,0
3105,4,0
3106,2,1
3107,2,1
3108,2,1
3109,4,2
3110,2,1
3111,4,0
3112,2,1
3113,4,2
3114,4,0
3115,2,1
3116,2,1
3117,2,1
3118,4,3
3119,2,0
3120,4,1
3121,2,0
3122,2,1
3123,2,0
3124,2,1
3125,0,0
3126,2,0
3127,2,0
3128,2,1
3129,2,1
3130,2,0
3131,2,1
3132,2,0
3133,4,2
3134,2,1
3135,0,0
3136,2,0
3137,2,1
3138,2,1
3139,4,1
3140,2,0
3141,2,0
3142,2,1
3143,2,0
3144,2,0
3145,2,1
3146,4,1
3147,2,1
3148,2,1
3149,2,1
3150,2,1
3151,2,1
3152,2,1
3153,4,1
3154,2,0
3155,2,1
3156,2,1
3157,2,1
3158,2,1
3159,2,0
3160,4,1
3161,4,0
3162,4,2
3163,2,1
3164,4,1
3165,0,0
3166,4,0
3167,4,3
3168,2,1
3169,2,1
3170,2,1
3171,2,0
3172,2,1
3173,0,0
3174,2,0
3175,2,0
3176,2,1
3177,2,0
3178,4,0
3179,2,1
3180,2,0
3181,2,0
3182,0,0
3183,2,0
3184,2,1
3185,4,1
3186,0,0
3187,2,1
3188,2,1
3189,4,0
3190,2,1
3191,4,0
3192,2,1
3193,2,0
3194,2,2
3195,4,3
3196,2,0
3197,0,0
3198,2,1
3199,0,0
3200,2,0
3201,2,0
3202,4,0
3203,2,0
3204,2,1
3205,2,0
3206,2,0
3207,4,1
3208,2,0
3209,2,1
3210,4,1
3211,2,0
3212,2,0
3213,2,1
3214,2,1
3215,4,1
3216,4,2
3217,2,1
3218,0,0
3219,2,0
3220,2,2
3221,2,0
3222,2,1
3223,2,1
3224,2,0
3225,2,1
3226,2,1
3227,2,0
3228,2,0
3229,2,1
3230,4,1
3231,4,2
3232,0,0
3233,0,0
3234,2,0
3235,2,0
3236,2,1
3237,2,0
3238,2,1
3239,2,1
3240,2,0
3241,2,0
3242,2,0
3243,2,1
3244,2,1
3245,2,0
3246,2,1
3247,4,1
3248,2,0
3249,2,1
3250,2,0
3251,2,1
3252,2,0
3253,2,0
3254,2,1
3255,2,1
3256,2,0
3257,0,0
3258,2,0
3259,2,2
3260,2,0
3261,4,0
3262,4,0
3263,2,0
3264,4,1
3265,2,1
3266,2,1
3267,2,0
3268,2,1
3269,2,1
3270,2,0
3271,2,0
3272,2,0
3273,2,0
3274,2,0
3275,0,0
3276,4,0
3277,4,2
3278,2,0
3279,4,0
3280,2,1
3281,0,0
3282,2,1
3283,2,0
3284,4,3
3285,2,1
3286,2,0
3287,2,1
3288,2,0
3289,2,1
3290,2,2
3291,2,0
3292,4,3
3293,2,2
3294,2,0
3295,2,1
3296,2,1
3297,2,0
3298,2,1
3299,2,2
3300,0,0
3301,4,2
3302,2,1
3303,2,1
3304,2,1
3305,2,1
3306,2,0
3307,2,0
3308,2,0
3309,2,0
3310,2,1
3311,2,0
3312,4,1
3313,2,0
3314,2,1
3315,2,1
3316,4,0
3317,2,0
3318,2,0
3319,2,1
3320,2,1
3321,2,2
3322,2,0
3323,2,1
3324,2,0
3325,2,1
3326,4,1
3327,4,1
3328,2,1
3329,2,1
3330,2,0
3331,2,1
3332,2,1
3333,0,0
3334,2,2
3335,2,1
3336,2,0
3337,0,0
3338,2,0
3339,2,0
3340,0,0
3341,2,1
3342,2,0
3343,2,0
3344,2,1
3345,2,0
3346,2,1
3347,2,1
3348,2,1
3349,2,0
3350,2,0
3351,4,1
3352,2,1
3353,2,0
3354,2,0
3355,0,0
3356,2,0
3357,2,0
3358,2,1
3359,2,1
3360,0,0
3361,2,0
3362,2,0
3363,4,2
3364,4,2
3365,2,0
3366,2,0
3367,2,1
3368,2,0
3369,4,0
3370,4,0
3371,0,0
3372,2,1
3373,4,2
3374,2,1
3375,0,0
3376,2,0
3377,2,1
3378,2,0
3379,2,0
3380,4,0
3381,2,1
3382,2,1
3383,2,1
3384,0,0
3385,2,1
3386,2,0
3387,2,1
3388,2,1
3389,2,1
3390,2,0
3391,2,2
3392,2,0
3393,4,2
3394,0,0
3395,2,1
3396,2,1
3397,4,1
3398,2,1
3399,2,0
3400,2,1
3401,2,1
3402,2,1
3403,2,0
3404,2,0
3405,2,0
3406,2,0
3407,2,0
3408,4,1
3409,4,1
3410,2,1
3411,2,1
3412,0,0
3413,0,0
3414,2,0
3415,2,1
3416,2,0
3417,2,0
3418,2,0
3419,2,0
3420,2,0
3421,2,0
3422,2,1
3423,2,0
3424,2,1
3425,2,0
3426,2,0
3427,2,0
3428,0,0
3429,2,1
3430,2,0
3431,2,1
3432,4,0
3433,2,1
3434,2,1
3435,4,1
3436,2,1
3437,2,0
3438,2,2
3439,2,0
3440,2,2
3441,2,1
3442,2,2
3443,2,0
3444,2,1
3445,2,0
3446,2,0
3447,2,1
3448,4,2
3449,2,0
3450,2,1
3451,2,2
3452,4,2
3453,2,0
3454,2,0
3455,2,0
3456,4,1
3457,2,0
3458,4,2
3459,2,1
3460,2,0
3461,4,1
3462,2,1
3463,2,0
3464,2,0
3465,0,0
3466,2,0
3467,2,0
3468,2,1
3469,4,1
3470,2,0
3471,2,1
3472,2,1
3473,2,1
3474,2,0
3475,2,1
3476,2,1
3477,2,0
3478,2,1
3479,2,0
3480,2,0
3481,2,0
3482,2,1
3483,4,0
3484,4,1
3485,2,1
3486,4,1
3487,4,2
3488,2,0
3489,2,0
3490,2,1
3491,4,1
3492,2,0
3493,0,0
3494,4,0
3495,0,0
3496,2,0
3497,2,1
3498,2,0
3499,2,0
3500,4,1
3501,2,0
3502,4,1
3503,2,0
3504,2,0
3505,2,2
3506,2,0
3507,2,1
3508,2,1
3509,2,0
3510,2,0
3511,2,2
3512,2,0
3513,2,0
3514,2,1
3515,2,0
3516,2,0
3517,2,0
3518,0,0
3519,2,0
3520,2,0
3521,2,1
3522,4,0
3523,2,0
3524,4,1
3525,2,2
3526,2,1
3527,4,2
3528,4,3
3529,2,1
3530,2,1
3531,2,0
3532,4,1
3533,2,0
3534,2,0
3535,2,0
3536,0,0
3537,2,1
3538,2,0
3539,4,1
3540,2,0
3541,2,1
3542,2,0
3543,2,0
3544,2,1
3545,2,0
3546,4,0
3547,2,0
3548,2,2
3549,2,1
3550,4,1
3551,2,1
3552,2,0
3553,2,0
3554,2,0
3555,4,2
3556,2,1
3557,2,0
3558,2,1
3559,2,1
3560,4,0
3561,4,1
3562,4,0
3563,2,0
3564,2,0
3565,2,1
3566,2,0
3567,2,0
3568,4,2
3569,0,0
3570,2,0
3571,2,1
3572,2,2
3573,2,1
3574,2,2
3575,0,0
3576,0,0
3577,4,0
3578,0,0
3579,2,2
3580,2,0
3581,2,1
3582,2,1
3583,2,1
3584,4,2
3585,2,1
3586,2,1
3587,2,1
3588,2,1
3589,0,0
3590,2,0
3591,2,0
3592,2,0
3593,2,1
3594,2,0
3595,2,0
3596,2,0
3597,2,1
3598,2,0
3599,2,0
3600,2,1
3601,4,2
3602,2,0
3603,4,0
3604,2,0
3605,2,0
3606,4,0
3607,2,1
3608,2,0
3609,4,1
3610,2,0
3611,0,0
3612,2,1
3613,4,1
3614,2,0
3615,4,0
3616,2,0
3617,2,0
3618,2,0
3619,2,0
3620,2,1
3621,4,1
3622,2,0
3623,2,0
3624,2,0
3625,2,0
3626,2,0
3627,2,0
3628,2,0
3629,2,0
3630,2,1
3631,2,1
3632,2,0
3633,4,2
3634,2,1
3635,4,2
3636,2,1
3637,2,0
3638,2,2
3639,2,1
3640,2,1
3641,2,0
3642,2,0
3643,4,0
3644,2,1
3645,2,0
3646,4,1
3647,2,1
3648,2,0
3649,2,0
3650,2,0
3651,2,0
3652,2,0
3653,2,1
3654,2,0
3655,2,1
3656,2,0
3657,2,0
3658,2,1
3659,2,1
3660,2,1
3661,2,1
3662,2,0
3663,2,0
3664,2,1
3665,4,1
3666,2,0
3667,4,0
3668,2,0
3669,4,1
3670,2,2
3671,2,0
3672,0,0
3673,2,0
3674,2,0
3675,4,0
3676,0,0
3677,2,1
3678,2,1
3679,0,0
3680,2,1
3681,2,0
3682,2,0
3683,2,1
3684,2,1
3685,2,2
3686,2,1
3687,2,0
3688,2,0
3689,4,1
3690,2,0
3691,2,0
3692,2,0
3693,2,0
3694,4,2
3695,4,1
3696,2,1
3697,2,1
3698,4,2
3699,4,0
3700,2,0
3701,2,0
3702,4,1
3703,4,2
3704,2,0
3705,2,1
3706,2,1
3707,2,0
3708,2,2
3709,2,0
3710,2,1
3711,4,2
3712,2,0
3713,0,0
3714,2,0
3715,2,0
3716,2,2
3717,2,0
3718,2,0
3719,2,1
3720,2,0
3721,4,2
3722,4,2
3723,4,2
3724,2,1
3725,2,0
3726,2,1
3727,2,0
3728,2,0
3729,4,1
3730,2,1
3731,2,1
3732,2,0
3733,2,0
3734,2,2
3735,2,0
3736,2,0
3737,4,1
3738,2,1
3739,2,1
3740,2,1
3741,2,1
3742,0,0
3743,2,1
3744,2,0
3745,2,1
3746,2,0
3747,2,0
3748,4,1
3749,2,0
3750,2,1
3751,2,0
3752,4,2
3753,2,0
3754,2,1
3755,2,0
3756,2,1
3757,2,1
3758,4,1
3759,4,2
3760,2,1
3761,2,1
3762,2,0
3763,4,0
3764,2,0
3765,2,0
3766,2,1
3767,2,2
3768,4,3
3769,2,0
3770,2,2
3771,2,0
3772,2,1
3773,2,0
3774,2,1
3775,2,1
3776,2,2
3777,0,0
3778,2,1
3779,2,0
3780,2,0
3781,2,1
3782,2,1
3783,2,0
3784,2,0
3785,4,0
3786,4,2
3787,2,1
3788,2,1
3789,4,0
3790,2,1
3791,2,0
3792,2,0
3793,2,1
3794,2,1
3795,2,0
3796,4,1
3797,2,0
3798,4,0
3799,2,0
3800,2,1
3801,2,0
3802,2,1
3803,2,1
3804,0,0
3805,4,2
3806,2,0
3807,4,1
3808,4,3
3809,2,1
3810,2,1
3811,2,0
3812,2,0
3813,2,1
3814,2,1
3815,2,0
3816,2,0
3817,2,0
3818,2,0
3819,2,1
3820,4,1
3821,2,1
3822,4,0
3823,2,0
3824,2,1
3825,2,1
3826,0,0
3827,2,0
3828,4,1
3829,2,1
3830,2,0
3831,2,0
3832,4,2
3833,2,0
3834,2,0
3835,2,0
3836,2,0
3837,2,0
3838,2,2
3839,2,0
3840,4,2
3841,4,0
3842,2,0
3843,2,1
3844,2,0
3845,2,0
3846,2,0
3847,2,1
3848,2,0
3849,2,1
3850,2,0
3851,4,2
3852,2,1
3853,2,0
3854,2,1
3855,2,2
3856,2,0
3857,2,1
3858,2,1
3859,2,1
3860,4,1
3861,2,1
3862,2,0
3863,0,0
3864,2,0
3865,4,2
3866,2,1
3867,2,0
3868,2,0
3869,2,0
3870,2,1
3871,2,2
3872,2,1
3873,2,1
3874,2,0
3875,0,0
3876,2,1
3877,2,0
3878,2,0
3879,2,1
3880,2,1
3881,2,0
3882,2,0
3883,2,0
3884,2,1
3885,2,1
3886,2,0
3887,2,1
3888,2,0
3889,2,1
3890,2,0
3891,2,1
3892,2,0
3893,2,2
3894,2,0
3895,2,1
3896,2,0
3897,2,0
3898,2,1
3899,2,1
3900,2,1
3901,4,0
3902,2,0
3903,2,1
3904,2,0
3905,2,1
3906,0,0
3907,2,0
3908,2,1
3909,2,1
3910,2,1
3911,2,0
3912,2,1
3913,2,0
3914,2,1
3915,0,0
3916,2,0
3917,2,1
3918,4,3
3919,0,0
3920,2,0
3921,2,0
3922,2,1
3923,2,0
3924,2,1
3925,2,1
3926,0,0
3927,2,0
3928,2,1
3929,2,1
3930,2,0
3931,2,1
3932,4,3
3933,4,0
3934,2,0
3935,4,0
3936,0,0
3937,2,1
3938,2,2
3939,2,0
3940,2,1
3941,2,1
3942,2,0
3943,2,1
3944,2,0
3945,2,1
3946,2,1
3947,0,0
3948,4,2
3949,2,0
3950,4,2
3951,2,0
3952,4,1
3953,4,0
3954,2,1
3955,2,0
3956,2,1
3957,2,0
3958,2,1
3959,0,0
3960,2,1
3961,2,0
3962,2,2
3963,4,3
3964,2,1
3965,2,0
3966,2,1
3967,2,0
3968,0,0
3969,2,0
3970,2,0
3971,2,0
3972,2,0
3973,0,0
3974,4,1
3975,2,0
3976,2,1
3977,2,1
3978,4,1
3979,2,1
3980,2,0
3981,2,1
3982,2,1
3983,4,0
3984,2,0
3985,0,0
3986,2,1
3987,2,0
3988,2,0
3989,2,0
3990,2,0
3991,2,1
3992,2,0
3993,2,1
3994,2,1
3995,4,1
3996,2,0
3997,2,0
3998,2,1
3999,2,1
4000,2,0
4001,2,1
4002,2,1
4003,2,0
4004,2,1
4005,2,0
4006,2,1
4007,4,0
4008,0,0
4009,2,1
4010,2,0
4011,2,0
4012,2,1
4013,4,1
4014,2,2
4015,2,0
4016,0,0
4017,2,1
4018,2,0
4019,0,0
4020,2,1
4021,2,1
4022,2,2
4023,2,1
4024,4,0
4025,2,1
4026,2,0
4027,2,1
4028,2,0
4029,2,1
4030,2,1
4031,2,1
4032,2,1
4033,4,3
4034,2,1
4035,2,1
4036,2,1
4037,2,1
4038,4,1
4039,2,1
4040,2,1
4041,2,2
4042,2,1
4043,2,1
4044,2,0
4045,2,1
4046,2,0
4047,2,1
4048,2,0
4049,4,0
4050,2,0
4051,4,2
4052,2,0
4053,2,0
4054,2,0
4055,2,0
4056,2,1
4057,2,0
4058,2,0
4059,4,0
4060,4,3
4061,2,0
4062,4,2
4063,2,1
4064,0,0
4065,0,0
4066,2,0
4067,4,1
4068,2,0
4069,2,0
4070,2,0
4071,4,0
4072,2,0
4073,2,1
4074,2,1
4075,2,0
4076,4,1
4077,2,0
4078,2,0
4079,2,2
4080,2,0
4081,2,1
4082,2,0
4083,2,0
4084,2,1
4085,2,1
4086,2,0
4087,2,1
4088,2,2
4089,4,2
4090,2,0
4091,4,0
4092,2,1
4093,0,0
4094,2,1
4095,2,1
4096,2,0
4097,2,1
4098,2,1
4099,2,1
4100,4,1
4101,2,0
4102,4,0
4103,4,0
4104,0,0
4105,2,0
4106,2,1
4107,2,1
4108,2,1
4109,2,1
4110,2,0
4111,2,0
4112,2,0
4113,2,1
4114,2,0
4115,2,0
4116,4,1
4117,2,0
4118,2,2
4119,2,0
4120,2,2
4121,2,0
4122,2,0
4123,2,0
4124,2,0
4125,4,1
4126,2,0
4127,2,1
4128,0,0
4129,2,0
4130,2,0
4131,0,0
4132,2,0
4133,2,0
4134,4,1
4135,2,2
4136,4,3
4137,2,1
4138,2,0
4139,2,1
4140,2,0
4141,2,1
4142,4,0
4143,2,1
4144,2,1
4145,2,1
4146,2,0
4147,2,0
4148,2,0
4149,4,3
4150,4,0
4151,2,1
4152,2,1
4153,2,1
4154,2,1
4155,0,0
4156,2,1
4157,2,0
4158,2,0
4159,2,0
4160,2,1
4161,2,2
4162,2,1
4163,2,0
4164,2,0
4165,2,0
4166,2,0
4167,2,0
4168,4,2
4169,2,1
4170,2,0
4171,2,0
4172,4,0
4173,4,1
4174,2,1
4175,2,0
4176,2,1
4177,2,1
4178,2,1
4179,2,0
4180,2,0
4181,2,1
4182,2,0
4183,2,1
4184,2,0
4185,2,0
4186,2,0
4187,2,1
4188,4,0
4189,0,0
4190,2,0
4191,2,0
4192,2,0
4193,2,1
4194,2,1
4195,2,0
4196,2,0
4197,2,1
4198,4,2
4199,2,1
4200,4,3
4201,2,1
4202,2,1
4203,2,0
4204,4,1
4205,2,0
4206,2,1
4207,2,2
4208,2,1
4209,4,1
4210,2,1
4211,2,1
4212,4,1
4213,2,0
4214,2,0
4215,4,1
4216,4,2
4217,2,0
4218,2,0
4219,2,1
4220,2,0
4221,2,0
4222,0,0
4223,2,1
4224,2,0
4225,4,0
4226,2,1
4227,2,0
4228,2,0
4229,4,1
4230,2,1
4231,2,1
4232,2,0
4233,0,0
4234,2,0
4235,2,1
4236,2,0
4237,2,1
4238,2,0
4239,2,1
4240,2,1
4241,2,0
4242,4,0
4243,2,0
4244,0,0
4245,2,1
4246,2,0
4247,2,0
4248,4,0
4249,2,1
4250,0,0
4251,2,0
4252,2,0
4253,4,0
4254,0,0
4255,2,0
4256,2,2
4257,2,0
4258,2,0
4259,2,1
4260,4,0
4261,4,2
4262,2,0
4263,2,0
4264,2,0
4265,2,0
4266,2,1
4267,2,0
4268,2,0
4269,4,0
4270,2,0
4271,4,0
4272,2,1
4273,0,0
4274,2,0
4275,2,0
4276,2,0
4277,2,0
4278,2,2
4279,2,0
4280,2,0
4281,4,2
4282,2,1
4283,2,0
4284,2,0
4285,2,0
4286,2,0
4287,0,0
4288,2,1
4289,2,0
4290,2,0
4291,2,1
4292,2,1
4293,2,1
4294,4,0
4295,0,0
4296,4,0
4297,2,1
4298,2,0
4299,2,1
4300,2,1
4301,4,2
4302,2,1
4303,2,0
4304,4,1
4305,2,0
4306,4,1
4307,4,3
4308,0,0
4309,2,1
4310,2,1
4311,2,1
4312,4,0
4313,2,0
4314,2,0
4315,2,0
4316,2,0
4317,2,0
4318,2,1
4319,2,0
4320,2,0
4321,2,1
4322,2,0
4323,4,0
4324,2,1
4325,2,1
4326,4,2
4327,2,2
4328,2,1
4329,2,1
4330,2,1
4331,2,1
4332,2,0
4333,2,0
4334,2,1
4335,4,2
4336,2,0
4337,4,3
4338,4,1
4339,2,0
4340,2,0
4341,2,1
4342,2,0
4343,4,0
4344,4,1
4345,2,0
4346,2,1
4347,2,1
4348,2,0
4349,2,0
4350,2,1
4351,2,1
4352,4,2
4353,2,0
4354,2,1
4355,2,0
4356,2,0
4357,4,0
4358,2,1
4359,2,1
4360,2,0
4361,2,1
4362,4,0
4363,2,0
4364,2,0
4365,0,0
4366,2,0
4367,4,1
4368,4,0
4369,2,0
4370,2,0
4371,2,0
4372,2,1
4373,2,1
4374,4,0
4375,2,0
4376,2,0
4377,2,0
4378,2,0
4379,2,1
4380,2,0
4381,2,1
4382,2,1
4383,4,2
4384,2,0
4385,2,0
4386,2,0
4387,4,0
4388,2,1
4389,2,1
4390,4,3
4391,2,1
4392,4,2
4393,4,1
4394,2,0
4395,4,3
4396,2,1
4397,2,1
4398,4,0
4399,2,1
4400,2,1
4401,4,0
4402,2,0
4403,2,0
4404,2,0
4405,2,2
4406,2,1
4407,0,0
4408,2,0
4409,2,1
4410,2,0
4411,2,0
4412,2,0
4413,2,0
4414,4,2
4415,2,0
4416,0,0
4417,0,0
4418,2,1
4419,2,0
4420,2,0
4421,2,0
4422,2,0
4423,2,0
4424,2,0
4425,2,0
4426,2,0
4427,2,0
4428,0,0
4429,2,0
4430,2,0
4431,2,0
4432,4,2
4433,4,0
4434,2,1
4435,4,0
4436,2,1
4437,2,0
4438,4,1
4439,2,0
4440,2,2
4441,2,0
4442,2,0
4443,2,1
4444,4,3
4445,2,1
4446,2,0
4447,4,0
4448,2,1
4449,2,0
4450,4,1
4451,2,0
4452,4,1
4453,4,1
4454,2,0
4455,2,0
4456,4,2
4457,4,3
4458,4,2
4459,0,0
4460,2,1
4461,2,1
4462,2,0
4463,2,1
4464,4,0
4465,2,0
4466,0,0
4467,2,0
4468,2,0
4469,4,2
4470,2,2
4471,4,0
4472,4,2
4473,2,0
4474,4,2
4475,2,1
4476,2,0
4477,4,1
4478,2,0
4479,0,0
4480,2,0
4481,2,0
4482,2,0
4483,0,0
4484,4,1
4485,2,1
4486,2,0
4487,2,0
4488,2,1
4489,2,1
4490,0,0
4491,2,0
4492,4,1
4493,2,1
4494,4,1
4495,2,1
4496,2,0
4497,2,0
4498,2,0
4499,2,0
4500,2,0
4501,0,0
4502,2,0
4503,2,1
4504,2,0
4505,2,1
4506,2,0
4507,2,1
4508,2,1
4509,2,0
4510,2,0
4511,2,0
4512,2,1
4513,2,1
4514,2,0
4515,2,0
4516,4,1
4517,2,0
4518,2,0
4519,2,0
4520,4,0
4521,2,1
4522,2,0
4523,2,0
4524,2,0
4525,2,1
4526,4,0
4527,2,1
4528,2,1
4529,2,0
4530,2,0
4531,0,0
4532,2,2
4533,2,0
4534,2,0
4535,2,1
4536,2,0
4537,2,0
4538,4,0
4539,2,0
4540,2,1
4541,2,0
4542,2,2
4543,2,1
4544,2,0
4545,2,1
4546,2,0
4547,2,0
4548,2,1
4549,2,0
4550,2,1
4551,0,0
4552,4,2
4553,2,0
4554,2,1
4555,4,1
4556,2,0
4557,2,1
4558,2,0
4559,2,1
4560,2,0
4561,2,0
4562,2,1
4563,2,0
4564,2,0
4565,2,1
4566,4,3
4567,2,0
4568,2,1
4569,4,0
4570,2,0
4571,2,1
4572,2,1
4573,2,0
4574,2,0
4575,4,1
4576,4,2
4577,2,1
4578,2,1
4579,2,0
4580,2,0
4581,2,0
4582,2,0
4583,2,0
4584,2,0
4585,2,0
4586,2,1
4587,2,1
4588,2,0
4589,2,1
4590,2,0
4591,2,2
4592,2,0
4593,2,0
4594,4,1
4595,2,0
4596,2,2
4597,2,1
4598,2,0
4599,2,1
4600,2,0
4601,2,0
4602,2,0
4603,2,1
4604,4,0
4605,2,0
4606,0,0
4607,2,1
4608,2,0
4609,2,1
4610,2,1
4611,2,1
4612,2,0
4613,0,0
4614,2,0
4615,4,1
4616,0,0
4617,0,0
4618,2,0
4619,2,0
4620,2,0
4621,4,0
4622,2,0
4623,2,1
4624,2,1
4625,2,0
4626,2,0
4627,2,1
4628,2,0
4629,2,1
4630,4,1
4631,2,0
4632,2,1
4633,0,0
4634,2,0
4635,4,0
4636,2,2
4637,4,1
4638,2,1
4639,4,1
4640,2,1
4641,4,1
4642,2,0
4643,2,0
4644,2,1
4645,2,1
4646,0,0
4647,2,2
4648,2,0
4649,2,0
4650,2,0
4651,4,1
4652,2,0
4653,2,1
4654,2,0
4655,0,0
4656,2,0
4657,4,1
4658,2,0
4659,2,0
4660,2,0
4661,2,1
4662,2,1
4663,2,1
4664,2,1
4665,4,0
4666,2,0
4667,2,0
4668,2,1
4669,2,1
4670,2,1
4671,2,1
4672,4,2
4673,2,1
4674,2,0
4675,2,1
4676,2,0
4677,2,1
4678,2,0
4679,2,0
4680,2,0
4681,2,1
4682,2,0
4683,2,0
4684,2,2
4685,4,0
4686,2,1
4687,0,0
4688,2,0
4689,2,0
4690,2,1
4691,2,1
4692,4,2
4693,2,0
4694,2,1
4695,2,2
4696,2,1
4697,2,0
4698,2,0
4699,2,0
4700,2,0
4701,2,0
4702,2,0
4703,2,0
4704,2,1
4705,2,0
4706,2,0
4707,2,0
4708,2,1
4709,2,0
4710,2,0
4711,2,0
4712,2,1
4713,0,0
4714,2,1
4715,2,0
4716,2,0
4717,0,0
4718,4,1
4719,4,2
4720,2,1
4721,2,2
4722,2,1
4723,2,0
4724,0,0
4725,2,0
4726,2,0
4727,2,0
4728,2,0
4729,2,0
4730,2,2
4731,4,1
4732,4,1
4733,2,0
4734,2,0
4735,4,2
4736,2,1
4737,2,0
4738,4,0
4739,0,0
4740,2,0
4741,2,0
4742,2,0
4743,2,1
4744,4,1
4745,2,0
4746,2,0
4747,0,0
4748,2,0
4749,0,0
4750,2,1
4751,2,0
4752,2,1
4753,2,0
4754,4,1
4755,2,0
4756,2,0
4757,2,1
4758,0,0
4759,2,2
4760,2,0
4761,2,0
4762,2,1
4763,2,1
4764,2,0
4765,2,1
4766,2,1
4767,2,0
4768,2,0
4769,2,1
4770,4,0
4771,2,0
4772,2,0
4773,2,0
4774,2,0
4775,2,0
4776,2,0
4777,2,1
4778,2,0
4779,4,0
4780,2,0
4781,2,2
4782,2,0
4783,4,2
4784,2,0
4785,2,1
4786,0,0
4787,2,1
4788,4,2
4789,0,0
4790,2,0
4791,2,2
4792,2,0
4793,2,1
4794,2,0
4795,2,1
4796,0,0
4797,2,1
4798,2,1
4799,4,0
4800,2,0
4801,2,1
4802,4,0
4803,2,1
4804,4,2
4805,2,1
4806,2,0
4807,2,1
4808,2,0
4809,2,1
4810,2,0
4811,2,0
4812,2,2
4813,2,1
4814,4,1
4815,2,1
4816,2,0
4817,2,0
4818,0,0
4819,2,0
4820,2,1
4821,2,2
4822,2,0
4823,2,0
4824,2,0
4825,4,0
4826,0,0
4827,2,1
4828,2,0
4829,2,0
4830,2,1
4831,2,0
4832,2,1
4833,4,1
4834,2,0
4835,2,1
4836,0,0
4837,2,0
4838,2,1
4839,0,0
4840,2,0
4841,2,0
4842,2,1
4843,2,0
4844,2,1
4845,2,0
4846,2,1
4847,4,1
4848,2,1
4849,2,1
4850,2,0
4851,4,1
4852,2,0
4853,4,1
4854,2,0
4855,4,2
4856,2,0
4857,2,1
4858,2,0
4859,2,1
4860,0,0
4861,4,2
4862,2,1
4863,2,0
4864,2,0
4865,2,0
4866,2,1
4867,2,1
4868,2,1
4869,2,1
4870,2,0
4871,2,0
4872,2,0
4873,2,1
4874,2,0
4875,2,1
4876,2,0
4877,2,0
4878,4,0
4879,2,0
4880,2,2
4881,4,1
4882,2,0
4883,2,0
4884,2,1
4885,2,0
4886,0,0
4887,2,0
4888,2,0
4889,2,1
4890,2,0
4891,2,0
4892,4,0
4893,2,1
4894,2,2
4895,2,0
4896,2,0
4897,2,0
4898,2,0
4899,2,0
4900,2,0
4901,0,0
4902,2,0
4903,4,0
4904,2,1
4905,2,0
4906,2,0
4907,2,2
4908,2,0
4909,2,0
4910,2,0
4911,2,1
4912,2,1
4913,2,0
4914,2,0
4915,2,1
4916,2,1
4917,2,0
4918,2,1
4919,2,2
4920,2,1
4921,2,0
4922,4,2
4923,2,0
4924,0,0
4925,4,1
4926,2,0
4927,2,1
4928,2,0
4929,2,1
4930,2,2
4931,2,0
4932,2,1
4933,2,1
4934,2,1
4935,4,0
4936,2,1
4937,2,0
4938,2,0
4939,0,0
4940,2,1
4941,4,0
4942,2,1
4943,0,0
4944,4,2
4945,2,0
4946,2,0
4947,2,0
4948,4,0
4949,4,2
4950,0,0
4951,2,1
4952,4,2
4953,4,2
4954,2,1
4955,2,1
4956,4,1
4957,2,1
4958,2,0
4959,2,0
4960,4,1
4961,2,1
4962,2,0
4963,2,1
4964,2,0
4965,2,0
4966,2,0
4967,4,0
4968,2,1
4969,2,1
4970,4,1
4971,4,2
4972,2,0
4973,2,1
4974,4,2
4975,2,0
4976,2,1
4977,4,0
4978,2,0
4979,2,1
4980,2,0
4981,0,0
4982,4,1
4983,2,0
4984,2,0
4985,2,0
4986,2,1
4987,4,0
4988,4,1
4989,2,0
4990,4,0
4991,2,1
4992,4,1
4993,0,0
4994,2,0
4995,2,1
4996,4,2
4997,2,0
4998,2,0
4999,2,0
5000,2,1
5001,2,0
5002,2,0
5003,2,1
5004,2,0
5005,2,1
5006,2,0
5007,2,1
5008,2,0
5009,2,0
5010,2,0
5011,2,1
5012,4,0
5013,2,0
5014,2,2
5015,2,1
5016,2,0
5017,2,1
5018,2,1
5019,2,1
5020,2,0
5021,2,0
5022,2,1
5023,2,0
5024,2,0
5025,4,0
5026,2,2
5027,4,1
5028,2,0
5029,4,1
5030,0,0
5031,2,1
5032,2,0
5033,2,0
5034,2,0
5035,2,0
5036,2,0
5037,2,0
5038,4,2
5039,0,0
5040,2,0
5041,2,0
5042,2,1
5043,2,1
5044,2,0
5045,2,0
5046,2,1
5047,2,1
5048,2,0
5049,2,0
5050,2,0
5051,2,2
5052,2,0
5053,2,1
5054,2,0
5055,2,0
5056,2,0
5057,2,0
5058,2,0
5059,2,0
5060,4,1
5061,2,0
5062,2,1
5063,2,1
5064,2,0
5065,2,0
5066,4,2
5067,2,0
5068,2,1
5069,2,0
5070,2,0
5071,2,0
5072,2,1
5073,2,0
5074,0,0
5075,0,0
5076,4,1
5077,2,1
5078,2,1
5079,2,1
5080,4,2
5081,2,1
5082,0,0
5083,0,0
5084,2,1
5085,2,1
5086,4,3
5087,2,1
5088,2,0
5089,4,1
5090,0,0
5091,2,0
5092,2,1
5093,2,0
5094,0,0
5095,2,1
5096,2,0
5097,2,0
5098,4,0
5099,4,1
5100,2,0
5101,4,2
5102,2,0
5103,4,2
5104,2,0
5105,0,0
5106,2,1
5107,4,2
5108,2,0
5109,2,0
5110,2,1
5111,2,1
5112,2,0
5113,2,0
5114,4,0
5115,2,1
5116,2,0
5117,4,1
5118,0,0
5119,2,0
5120,2,1
5121,4,1
5122,2,0
5123,2,0
5124,4,1
5125,2,0
5126,2,0
5127,2,0
5128,2,0
5129,2,0
5130,2,1
5131,2,1
5132,4,1
5133,2,0
5134,2,0
5135,2,0
5136,2,0
5137,2,1
5138,2,0
5139,2,0
5140,2,0
5141,2,0
5142,2,1
5143,0,0
5144,2,0
5145,2,0
5146,2,0
5147,0,0
5148,2,0
5149,2,0
5150,2,1
5151,2,1
5152,2,1
5153,2,1
5154,2,0
5155,2,1
5156,2,0
5157,2,0
5158,2,0
5159,2,2
5160,2,0
5161,2,1
5162,2,0
5163,4,3
5164,4,1
5165,2,0
5166,2,1
5167,2,0
5168,4,0
5169,2,0
5170,4,2
5171,2,0
5172,2,0
5173,2,0
5174,4,1
5175,2,0
5176,2,0
5177,4,0
5178,2,0
5179,2,1
5180,4,2
5181,2,1
5182,2,0
5183,0,0
5184,2,2
5185,2,0
5186,2,0
5187,2,0
5188,2,1
5189,4,0
5190,4,2
5191,0,0
5192,2,1
5193,2,0
5194,2,1
5195,2,0
5196,2,0
5197,2,1
5198,2,2
5199,2,0
5200,4,2
5201,2,0
5202,2,1
5203,4,3
5204,2,0
5205,2,0
5206,4,1
5207,4,1
5208,0,0
5209,2,1
5210,2,0
5211,2,0
5212,2,1
5213,2,1
5214,0,0
5215,2,0
5216,2,1
5217,2,1
5218,2,0
5219,2,0
5220,4,0
5221,2,1
5222,4,0
5223,4,0
5224,2,0
5225,2,1
5226,2,1
5227,2,0
5228,0,0
5229,0,0
5230,2,0
5231,2,1
5232,4,0
5233,2,0
5234,2,1
5235,2,0
5236,2,0
5237,2,0
5238,2,1
5239,2,2
5240,4,0
5241,2,1
5242,2,0
5243,2,0
5244,0,0
5245,2,0
5246,2,0
5247,0,0
5248,2,0
5249,2,1
5250,2,0
5251,2,0
5252,4,1
5253,2,2
5254,4,0
5255,4,1
5256,2,0
5257,4,0
5258,2,2
5259,2,1
5260,2,1
5261,2,2
5262,2,1
5263,2,0
5264,2,0
5265,2,2
5266,0,0
5267,2,0
5268,2,1
5269,2,1
5270,2,1
5271,2,1
5272,2,0
5273,2,1
5274,2,0
5275,2,0
5276,2,0
5277,2,1
5278,2,1
5279,2,0
5280,2,0
5281,2,1
5282,2,1
5283,2,0
5284,2,1
5285,2,2
5286,2,1
5287,2,1
5288,2,1
5289,0,0
5290,2,0
5291,2,1
5292,2,0
5293,2,0
5294,4,2
5295,4,0
5296,2,0
5297,2,2
5298,2,1
5299,4,0
5300,2,0
5301,2,0
5302,2,0
5303,2,1
5304,2,0
5305,4,1
5306,2,0
5307,2,1
5308,2,0
5309,2,0
5310,2,0
5311,2,0
5312,2,2
5313,4,2
5314,2,1
5315,2,1
5316,2,0
5317,2,0
5318,2,1
5319,2,1
5320,2,0
5321,4,3
5322,2,0
5323,0,0
5324,2,1
5325,2,0
5326,4,3
5327,2,0
5328,2,0
5329,2,0
5330,2,1
5331,2,0
5332,2,0
5333,4,0
5334,4,3
5335,2,1
5336,4,0
5337,2,0
5338,2,0
5339,2,0
5340,2,0
5341,2,1
5342,4,0
5343,2,0
5344,2,0
5345,2,0
5346,2,1
5347,2,1
5348,2,0
5349,2,1
5350,4,0
5351,4,1
5352,4,1
5353,2,0
5354,2,0
5355,2,0
5356,2,0
5357,0,0
5358,2,0
5359,2,1
5360,4,2
5361,2,1
5362,2,0
5363,2,1
5364,2,2
5365,2,0
5366,2,2
5367,2,1
5368,2,0
5369,2,1
5370,4,1
5371,2,0
5372,2,1
5373,2,1
5374,2,0
5375,2,1
5376,2,0
5377,2,0
5378,2,0
5379,4,1
5380,2,1
5381,2,0
5382,2,0
5383,2,0
5384,2,0
5385,2,0
5386,2,2
5387,4,0
5388,4,3
5389,2,1
5390,4,0
5391,2,0
5392,2,1
5393,2,1
5394,0,0
5395,4,1
5396,2,1
5397,2,1
5398,2,1
5399,2,0
5400,2,1
5401,2,1
5402,2,1
5403,2,1
5404,2,0
5405,4,0
5406,0,0
5407,2,0
5408,2,1
5409,2,1
5410,2,1
5411,2,1
5412,2,0
5413,2,0
5414,4,2
5415,2,1
5416,2,1
5417,2,1
5418,4,1
5419,4,2
5420,2,1
5421,2,0
5422,2,1
5423,2,1
5424,2,0
5425,2,1
5426,4,0
5427,2,0
5428,4,3
5429,2,1
5430,2,1
5431,2,0
5432,2,1
5433,2,1
5434,2,0
5435,2,0
5436,2,1
5437,2,0
5438,4,2
5439,2,0
5440,2,0
5441,2,0
5442,2,1
5443,2,0
5444,2,1
5445,2,1
5446,2,0
5447,2,1
5448,2,1
5449,4,1
5450,2,0
5451,2,1
5452,2,0
5453,2,0
5454,2,1
5455,2,0
5456,2,0
5457,2,0
5458,2,1
5459,2,0
5460,2,1
5461,4,0
5462,2,0
5463,2,0
5464,2,1
5465,2,1
5466,2,0
5467,2,1
5468,2,1
5469,2,0
5470,2,0
5471,2,0
5472,2,0
5473,2,0
5474,2,0
5475,0,0
5476,4,0
5477,2,0
5478,2,0
5479,4,2
5480,2,0
5481,2,1
5482,2,1
5483,2,1
5484,2,2
5485,2,2
5486,2,0
5487,2,0
5488,2,0
5489,2,0
5490,2,0
5491,2,1
5492,2,0
5493,4,2
5494,2,0
5495,2,0
5496,2,0
5497,2,1
5498,2,2
5499,2,0
5500,2,0
5501,2,1
5502,2,1
5503,2,1
5504,2,0
5505,2,0
5506,2,0
5507,2,1
5508,2,0
5509,2,1
5510,2,2
5511,2,0
5512,2,1
5513,2,1
5514,4,1
5515,2,0
5516,2,0
5517,2,1
5518,2,0
5519,2,1
5520,2,0
5521,2,2
5522,2,2
5523,2,1
5524,2,0
5525,2,0
5526,2,1
5527,2,0
5528,2,0
5529,0,0
5530,2,0
5531,2,0
5532,2,0
5533,4,0
5534,0,0
5535,2,0
5536,2,0
5537,0,0
5538,2,0
5539,2,0
5540,2,0
5541,2,0
5542,4,1
5543,2,0
5544,2,0
5545,2,0
5546,2,2
5547,2,0
5548,4,1
5549,2,0
5550,2,0
5551,4,1
5552,2,0
5553,2,1
5554,0,0
5555,4,1
5556,2,0
5557,2,1
5558,2,0
5559,2,1
5560,2,0
5561,2,0
5562,2,0
5563,2,1
5564,2,0
5565,2,1
5566,2,0
5567,2,0
5568,2,0
5569,4,2
5570,2,1
5571,2,1
5572,2,0
5573,2,0
5574,2,0
5575,2,0
5576,4,1
5577,2,1
5578,2,1
5579,2,1
5580,2,0
5581,2,1
5582,0,0
5583,2,1
5584,4,2
5585,2,2
5586,4,0
5587,2,1
5588,2,0
5589,2,0
5590,2,1
5591,2,1
5592,2,2
5593,2,1
5594,2,0
5595,2,0
5596,2,2
5597,4,1
5598,4,2
5599,2,0
5600,2,1
5601,2,1
5602,4,0
5603,4,0
5604,2,0
5605,2,1
5606,2,0
5607,4,0
5608,2,0
5609,2,0
5610,2,2
5611,2,2
5612,2,1
5613,2,2
5614,2,0
5615,4,1
5616,4,0
5617,2,1
5618,2,2
5619,2,0
5620,2,1
5621,2,0
5622,2,0
5623,2,1
5624,2,0
5625,2,1
5626,2,0
5627,2,0
5628,2,1
5629,2,0
5630,2,0
5631,2,1
5632,0,0
5633,2,0
5634,2,0
5635,2,1
5636,2,0
5637,2,0
5638,2,2
5639,2,0
5640,4,1
5641,2,0
5642,0,0
5643,2,0
5644,2,0
5645,4,1
5646,2,0
5647,2,1
5648,2,1
5649,2,1
5650,2,1
5651,2,0
5652,4,0
5653,2,2
5654,2,0
5655,2,1
5656,2,1
5657,2,0
5658,4,2
5659,0,0
5660,2,0
5661,2,0
5662,4,2
5663,2,1
5664,2,1
5665,2,0
5666,2,1
5667,2,1
5668,2,1
5669,0,0
5670,2,0
5671,0,0
5672,2,1
5673,2,0
5674,2,0
5675,2,1
5676,2,0
5677,2,1
5678,2,0
5679,4,2
5680,2,2
5681,2,0
5682,2,1
5683,0,0
5684,2,0
5685,2,1
5686,2,0
5687,2,0
5688,2,0
5689,2,2
5690,2,1
5691,2,1
5692,2,0
5693,2,1
5694,2,1
5695,4,1
5696,2,1
5697,2,1
5698,2,1
5699,2,1
5700,2,1
5701,2,1
5702,2,0
5703,4,1
5704,0,0
5705,2,0
5706,2,0
5707,2,0
5708,4,1
5709,2,0
5710,2,0
5711,0,0
5712,2,1
5713,2,0
5714,2,0
5715,2,1
5716,2,0
5717,2,1
5718,2,0
5719,2,0
5720,2,2
5721,2,0
5722,2,0
5723,2,0
5724,4,0
5725,2,0
5726,4,2
5727,2,1
5728,2,1
5729,2,0
5730,2,1
5731,2,0
5732,2,1
5733,2,1
5734,2,1
5735,2,0
5736,0,0
5737,2,2
5738,2,1
5739,2,1
5740,4,1
5741,2,0
5742,4,0
5743,4,0
5744,2,0
5745,2,0
5746,2,0
5747,2,0
5748,2,0
5749,2,1
5750,4,2
5751,2,1
5752,1,1
5753,2,0
5754,2,0
5755,2,0
5756,2,0
5757,2,1
5758,2,1
5759,4,0
5760,4,1
5761,2,1
5762,2,0
5763,2,0
5764,2,1
5765,4,1
5766,2,1
5767,2,1
5768,2,2
5769,2,0
5770,2,0
5771,2,1
5772,2,0
5773,2,0
5774,4,2
5775,2,0
5776,2,2
5777,0,0
5778,2,0
5779,2,1
5780,2,0
5781,2,1
5782,2,1
5783,2,0
5784,2,0
5785,2,0
5786,2,0
5787,4,1
5788,4,0
5789,2,0
5790,2,0
5791,2,0
5792,2,0
5793,2,1
5794,2,0
5795,2,0
5796,2,0
5797,2,0
5798,2,1
5799,2,0
5800,4,0
5801,2,1
5802,4,1
5803,4,0
5804,2,0
5805,2,1
5806,4,3
5807,2,1
5808,4,0
5809,4,1
5810,2,1
5811,2,0
5812,2,0
5813,4,2
5814,4,1
5815,2,0
5816,4,1
5817,2,0
5818,0,0
5819,4,0
5820,2,0
5821,4,0
5822,2,1
5823,4,3
5824,4,0
5825,2,0
5826,2,1
5827,2,0
5828,4,0
5829,2,0
5830,2,0
5831,2,0
5832,2,0
5833,2,0
5834,4,1
5835,2,1
5836,4,0
5837,2,0
5838,2,0
5839,2,1
5840,2,0
5841,2,1
5842,2,0
5843,2,0
5844,2,1
5845,2,0
5846,2,1
5847,0,0
5848,2,0
5849,2,0
5850,4,2
5851,2,0
5852,4,3
5853,2,0
5854,2,0
5855,4,3
5856,2,0
5857,4,1
5858,2,0
5859,2,0
5860,2,1
5861,2,0
5862,2,1
5863,0,0
5864,2,0
5865,2,1
5866,2,0
5867,2,1
5868,2,1
5869,4,1
5870,2,1
5871,2,1
5872,2,1
5873,2,2
5874,0,0
5875,2,1
5876,0,0
5877,0,0
5878,2,1
5879,2,1
5880,2,0
5881,2,1
5882,2,0
5883,2,0
5884,2,2
5885,4,1
5886,2,0
5887,2,0
5888,2,0
5889,2,1
5890,2,1
5891,2,1
5892,2,1
5893,2,1
5894,2,0
5895,2,1
5896,2,0
5897,2,0
5898,4,0
5899,2,1
5900,4,2
5901,4,1
5902,2,2
5903,0,0
5904,2,0
5905,2,1
5906,2,0
5907,2,0
5908,4,2
5909,0,0
5910,2,1
5911,2,0
5912,2,1
5913,2,1
5914,2,0
5915,4,1
5916,2,0
5917,2,0
5918,2,0
5919,2,1
5920,2,1
5921,2,1
5922,2,0
5923,0,0
5924,2,1
5925,4,2
5926,2,1
5927,2,1
5928,4,2
5929,2,1
5930,2,0
5931,2,0
5932,2,0
5933,2,0
5934,2,0
5935,2,0
5936,2,1
5937,2,0
5938,4,1
5939,2,1
5940,2,0
5941,4,1
5942,2,1
5943,2,1
5944,2,1
5945,2,0
5946,2,0
5947,2,0
5948,2,2
5949,2,0
5950,0,0
5951,4,0
5952,4,0
5953,2,0
5954,2,1
5955,4,0
5956,2,2
5957,2,1
5958,2,0
5959,2,1
5960,0,0
5961,2,0
5962,4,3
5963,2,0
5964,2,0
5965,2,0
5966,2,1
5967,2,0
5968,2,1
5969,2,1
5970,2,1
5971,2,1
5972,2,1
5973,0,0
5974,4,1
5975,2,0
5976,2,1
5977,2,0
5978,2,0
5979,4,1
5980,2,1
5981,2,1
5982,2,0
5983,2,0
5984,2,1
5985,2,1
5986,4,0
5987,2,0
5988,2,0
5989,2,1
5990,2,0
5991,4,0
5992,2,1
5993,2,1
5994,0,0
5995,2,1
5996,2,0
5997,0,0
5998,0,0
5999,2,0
6000,4,2
6001,2,1
6002,2,1
6003,2,0
6004,4,1
6005,2,1
6006,4,0
6007,2,1
6008,2,1
6009,2,1
6010,2,0
6011,2,1
6012,2,1
6013,2,0
6014,2,0
6015,2,2
6016,2,1
6017,4,2
6018,2,1
6019,2,0
6020,2,0
6021,4,1
6022,0,0
6023,2,0
6024,2,0
6025,4,0
6026,2,0
6027,2,0
6028,2,2
6029,4,1
6030,0,0
6031,2,0
6032,4,2
6033,2,1
6034,2,1
6035,2,1
6036,2,1
6037,0,0
6038,2,0
6039,2,0
6040,2,1
6041,2,0
6042,4,1
6043,2,1
6044,2,2
6045,2,0
6046,0,0
6047,4,1
6048,2,0
6049,2,0
6050,2,1
6051,2,0
6052,2,0
6053,2,0
6054,2,1
6055,2,1
6056,0,0
6057,2,1
6058,2,0
6059,0,0
6060,2,0
6061,4,1
6062,2,1
6063,4,1
6064,2,0
6065,4,0
6066,4,0
6067,4,2
6068,4,1
6069,2,0
6070,2,0
6071,2,0
6072,2,0
6073,0,0
6074,2,0
6075,2,1
6076,4,0
6077,2,1
6078,2,2
6079,4,2
6080,2,1
6081,2,1
6082,2,1
6083,2,1
6084,2,0
6085,4,1
6086,2,0
6087,2,0
6088,2,0
6089,2,0
6090,4,1
6091,0,0
6092,2,0
6093,2,1
6094,2,1
6095,2,1
6096,2,0
6097,4,1
6098,2,1
6099,2,0
6100,2,2
6101,2,0
6102,2,1
6103,2,0
6104,0,0
6105,4,3
6106,4,2
6107,2,0
6108,2,0
6109,2,0
6110,2,2
6111,2,0
6112,2,0
6113,2,2
6114,2,1
6115,2,0
6116,2,1
6117,2,0
6118,2,0
6119,2,0
6120,2,0
6121,4,2
6122,2,1
6123,2,1
6124,2,0
6125,2,0
6126,2,0
6127,6,3
6128,2,1
6129,2,0
6130,2,0
6131,2,1
6132,4,2
6133,2,0
6134,2,0
6135,2,0
6136,2,1
6137,2,1
6138,4,0
6139,2,1
6140,2,0
6141,2,1
6142,0,0
6143,2,0
6144,2,1
6145,4,0
6146,4,1
6147,0,0
6148,4,0
6149,2,0
6150,2,0
6151,2,0
6152,4,1
6153,2,0
6154,2,0
6155,2,0
6156,4,1
6157,2,0
6158,2,0
6159,4,0
6160,2,0
6161,0,0
6162,2,1
6163,4,0
6164,2,0
6165,2,1
6166,4,1
6167,0,0
6168,2,1
6169,2,0
6170,2,0
6171,2,0
6172,4,1
6173,2,0
6174,2,1
6175,2,0
6176,2,0
6177,2,0
6178,2,0
6179,2,0
6180,2,0
6181,4,0
6182,2,1
6183,2,0
6184,2,0
6185,2,0
6186,2,1
6187,2,2
6188,2,0
6189,2,0
6190,2,1
6191,4,2
6192,2,0
6193,0,0
6194,2,0
6195,2,1
6196,2,1
6197,4,1
6198,2,1
6199,2,0
6200,4,2
6201,0,0
6202,2,0
6203,2,1
6204,2,0
6205,2,0
6206,2,1
6207,2,1
6208,2,0
6209,2,0
6210,2,1
6211,4,0
6212,2,0
6213,2,2
6214,2,1
6215,4,0
6216,2,0
6217,0,0
6218,2,0
6219,2,0
6220,2,1
6221,4,2
6222,2,0
6223,2,0
6224,2,0
6225,2,1
6226,2,1
6227,2,1
6228,0,0
6229,2,1
6230,4,1
6231,2,0
6232,4,1
6233,2,1
6234,2,1
6235,0,0
6236,2,0
6237,2,1
6238,2,0
6239,2,1
6240,2,1
6241,2,1
6242,2,2
6243,2,0
6244,4,0
6245,2,1
6246,2,0
6247,2,1
6248,2,0
6249,0,0
6250,2,1
6251,4,1
6252,2,0
6253,2,0
6254,2,2
6255,2,0
6256,2,0
6257,2,0
6258,2,1
6259,2,0
6260,2,0
6261,2,0
6262,2,0
6263,0,0
6264,4,0
6265,2,0
6266,2,0
6267,2,0
6268,2,0
6269,2,1
6270,2,1
6271,2,0
6272,2,0
6273,2,0
6274,0,0
6275,2,1
6276,2,0
6277,2,1
6278,0,0
6279,4,0
6280,2,0
6281,2,1
6282,4,0
6283,2,0
6284,2,0
6285,2,1
6286,4,2
6287,0,0
6288,2,1
6289,2,0
6290,2,1
6291,2,1
6292,2,0
6293,2,0
6294,4,2
6295,2,0
6296,2,1
6297,2,0
6298,2,0
6299,2,0
6300,4,1
6301,2,0
6302,2,0
6303,0,0
6304,0,0
6305,2,0
6306,2,1
6307,2,0
6308,2,1
6309,2,0
6310,2,0
6311,2,0
6312,2,0
6313,2,0
6314,2,0
6315,2,0
6316,2,0
6317,2,0
6318,2,0
6319,2,1
6320,2,1
6321,2,1
6322,2,1
6323,2,1
6324,0,0
6325,2,1
6326,2,1
6327,2,0
6328,2,1
6329,4,2
6330,2,1
6331,2,1
6332,2,0
6333,2,0
6334,2,0
6335,2,0
6336,2,0
6337,0,0
6338,4,0
6339,0,0
6340,2,0
6341,2,0
6342,4,0
6343,2,1
6344,2,0
6345,2,1
6346,4,1
6347,2,1
6348,2,1
6349,4,0
6350,0,0
6351,2,0
6352,2,0
6353,0,0
6354,4,2
6355,2,0
6356,2,1
6357,2,0
6358,4,3
6359,2,1
6360,2,1
6361,2,1
6362,2,0
6363,2,0
6364,2,0
6365,2,0
6366,2,0
6367,4,0
6368,2,0
6369,2,1
6370,2,1
6371,2,0
6372,0,0
6373,2,0
6374,2,0
6375,4,0
6376,2,0
6377,2,0
6378,2,1
6379,2,0
6380,2,0
6381,2,0
6382,0,0
6383,2,1
6384,2,0
6385,4,0
6386,2,0
6387,2,0
6388,2,1
6389,2,0
6390,2,0
6391,2,0
6392,0,0
6393,0,0
6394,4,0
6395,2,0
6396,2,0
6397,2,0
6398,2,1
6399,2,1
6400,2,0
6401,2,0
6402,2,1
6403,2,0
6404,2,1
6405,2,0
6406,2,1
6407,2,0
6408,2,0
6409,4,1
6410,2,0
6411,2,0
6412,2,1
6413,2,0
6414,4,2
6415,2,0
6416,2,0
6417,2,0
6418,2,0
6419,4,1
6420,2,0
6421,2,1
6422,2,1
6423,2,0
6424,2,1
6425,2,0
6426,2,0
6427,2,1
6428,2,2
6429,2,0
6430,4,1
6431,2,1
6432,2,0
6433,0,0
6434,2,2
6435,2,1
6436,2,0
6437,2,1
6438,2,1
6439,2,1
6440,2,0
6441,2,1
6442,2,1
6443,2,0
6444,4,0
6445,2,1
6446,2,0
6447,0,0
6448,2,0
6449,0,0
6450,2,1
6451,2,0
6452,2,0
6453,2,1
6454,4,2
6455,1,0
6456,2,0
6457,2,2
6458,4,1
6459,2,0
6460,4,1
6461,4,0
6462,2,0
6463,2,0
6464,2,1
6465,4,1
6466,2,1
6467,2,0
6468,2,0
6469,2,0
6470,2,1
6471,2,0
6472,2,0
6473,2,0
6474,2,0
6475,4,0
6476,2,0
6477,0,0
6478,2,0
6479,2,0
6480,4,1
6481,2,1
6482,2,1
6483,2,0
6484,2,1
6485,2,0
6486,2,0
6487,2,1
6488,4,3
6489,4,0
6490,2,1
6491,2,1
6492,2,0
6493,4,2
6494,2,0
6495,0,0
6496,2,1
6497,2,0
6498,2,1
6499,0,0
6500,2,2
6501,2,0
6502,2,0
6503,2,2
6504,2,1
6505,4,1
6506,2,0
6507,2,0
6508,2,0
6509,2,0
6510,2,1
6511,4,0
6512,2,1
6513,4,1
6514,2,0
6515,0,0
6516,2,0
6517,4,1
6518,0,0
6519,2,1
6520,2,1
6521,2,1
6522,2,1
6523,2,0
6524,2,1
6525,2,1
6526,2,1
6527,2,0
6528,2,0
6529,2,0
6530,4,1
6531,2,1
6532,2,0
6533,2,0
6534,4,0
6535,2,0
6536,2,0
6537,4,0
6538,2,1
6539,2,0
6540,2,1
6541,2,0
6542,2,0
6543,2,0
6544,2,0
6545,2,0
6546,2,0
6547,2,1
6548,2,0
6549,2,1
6550,2,0
6551,2,1
6552,4,1
6553,0,0
6554,2,1
6555,4,0
6556,4,1
6557,2,1
6558,2,1
6559,2,0
6560,2,1
6561,2,1
6562,2,0
6563,2,1
6564,2,1
6565,2,1
6566,2,1
6567,2,1
6568,0,0
6569,2,0
6570,2,0
6571,2,1
6572,2,0
6573,2,0
6574,4,1
6575,2,0
6576,2,0
6577,2,0
6578,0,0
6579,2,1
6580,2,0
6581,4,0
6582,2,0
6583,2,0
6584,4,0
6585,4,0
6586,2,0
6587,2,1
6588,2,0
6589,4,2
6590,2,0
6591,0,0
6592,2,1
6593,2,1
6594,4,1
6595,2,0
6596,2,0
6597,0,0
6598,2,0
6599,0,0
6600,2,0
6601,4,0
6602,2,0
6603,2,2
6604,2,1
6605,2,0
6606,2,0
6607,2,1
6608,2,0
6609,2,2
6610,2,1
6611,2,2
6612,2,1
6613,2,0
6614,2,0
6615,2,0
6616,2,0
6617,2,0
6618,2,1
6619,2,1
6620,4,0
6621,2,0
6622,2,0
6623,2,1
6624,2,1
6625,2,1
6626,2,1
6627,2,1
6628,2,1
6629,2,1
6630,4,0
6631,2,0
6632,4,1
6633,2,1
6634,4,1
6635,4,1
6636,2,1
6637,2,1
6638,2,0
6639,4,2
6640,2,0
6641,2,1
6642,0,0
6643,2,0
6644,2,0
6645,2,1
6646,2,1
6647,4,1
6648,4,0
6649,0,0
6650,4,1
6651,2,1
6652,2,0
6653,4,1
6654,2,0
6655,0,0
6656,4,1
6657,2,0
6658,2,1
6659,2,0
6660,2,1
6661,2,0
6662,2,0
6663,2,0
6664,2,0
6665,2,0
6666,2,1
6667,2,1
6668,2,0
6669,2,0
6670,2,0
6671,2,0
6672,2,0
6673,4,1
6674,2,0
6675,4,1
6676,0,0
6677,2,0
6678,2,0
6679,2,1
6680,2,0
6681,2,1
6682,2,1
6683,2,0
6684,2,0
6685,2,1
6686,2,0
6687,2,1
6688,2,0
6689,2,1
6690,2,0
6691,0,0
6692,2,0
6693,2,1
6694,2,0
6695,2,0
6696,0,0
6697,2,1
6698,2,0
6699,4,0
6700,2,1
6701,2,1
6702,0,0
6703,2,0
6704,2,0
6705,2,1
6706,2,1
6707,2,1
6708,2,1
6709,0,0
6710,2,0
6711,0,0
6712,0,0
6713,4,1
6714,2,0
6715,2,0
6716,2,0
6717,2,0
6718,2,1
6719,4,1
6720,4,1
6721,0,0
6722,4,1
6723,2,0
6724,2,0
6725,4,1
6726,4,0
6727,0,0
6728,2,0
6729,2,0
6730,2,1
6731,4,2
6732,2,1
6733,2,0
6734,2,1
6735,2,1
6736,2,0
6737,2,1
6738,2,1
6739,2,0
6740,2,0
6741,2,0
6742,2,1
6743,2,1
6744,4,2
6745,2,0
6746,2,1
6747,4,0
6748,2,0
6749,4,0
6750,2,0
6751,4,0
6752,4,0
6753,2,1
6754,2,1
6755,2,0
6756,2,1
6757,2,0
6758,2,0
6759,2,1
6760,4,2
6761,4,0
6762,2,0
6763,2,1
6764,2,1
6765,0,0
6766,4,3
6767,2,0
6768,4,0
6769,4,0
6770,2,0
6771,2,0
6772,2,1
6773,2,0
6774,2,0
6775,2,1
6776,2,0
6777,2,1
6778,2,0
6779,2,1
6780,2,1
6781,4,1
6782,2,0
6783,4,1
6784,2,2
6785,2,1
6786,2,1
6787,2,1
6788,0,0
6789,2,1
6790,2,1
6791,2,0
6792,2,0
6793,2,1
6794,2,0
6795,2,0
6796,2,0
6797,2,2
6798,2,0
6799,0,0
6800,2,1
6801,2,2
6802,2,0
6803,2,2
6804,2,0
6805,2,0
6806,2,0
6807,2,0
6808,2,0
6809,2,0
6810,0,0
6811,2,1
6812,2,0
6813,4,3
6814,2,1
6815,2,1
6816,0,0
6817,0,0
6818,2,1
6819,0,0
6820,2,0
6821,2,0
6822,2,0
6823,4,0
6824,2,0
6825,2,1
6826,2,0
6827,4,0
6828,4,1
6829,2,0
6830,2,0
6831,4,1
6832,2,0
6833,2,0
6834,2,1
6835,2,0
6836,2,1
6837,2,1
6838,2,0
6839,2,1
6840,2,1
6841,2,0
6842,2,0
6843,4,1
6844,4,2
6845,2,0
6846,0,0
6847,2,1
6848,4,2
6849,4,1
6850,2,1
6851,2,2
6852,2,1
6853,2,0
6854,2,0
6855,2,1
6856,2,0
6857,2,1
6858,2,0
6859,4,3
6860,2,0
6861,2,1
6862,2,0
6863,4,0
6864,2,0
6865,2,1
6866,2,0
6867,2,1
6868,2,1
6869,2,1
6870,2,0
6871,2,1
6872,2,0
6873,2,1
6874,2,1
6875,2,0
6876,2,1
6877,0,0
6878,2,2
6879,2,0
6880,0,0
6881,4,2
6882,2,1
6883,2,0
6884,2,0
6885,2,0
6886,2,0
6887,2,1
6888,2,1
6889,0,0
6890,2,0
6891,2,0
6892,4,2
6893,4,2
6894,2,0
6895,2,1
6896,2,1
6897,2,1
6898,4,2
6899,0,0
6900,2,1
6901,2,0
6902,2,0
6903,2,2
6904,0,0
6905,2,1
6906,2,1
6907,2,0
6908,2,1
6909,2,0
6910,4,3
6911,2,0
6912,2,0
6913,2,0
6914,2,1
6915,2,1
6916,2,1
6917,4,0
6918,4,1
6919,2,0
6920,2,1
6921,0,0
6922,2,1
6923,0,0
6924,2,0
6925,2,0
6926,2,0
6927,2,1
6928,2,1
6929,2,0
6930,2,1
6931,2,0
6932,4,0
6933,2,1
6934,4,0
6935,2,0
6936,2,0
6937,2,0
6938,0,0
6939,4,0
6940,2,0
6941,2,0
6942,4,2
6943,2,1
6944,2,1
6945,2,1
6946,2,1
6947,2,0
6948,2,1
6949,2,1
6950,2,0
6951,2,0
6952,2,0
6953,2,1
6954,2,0
6955,2,0
6956,2,0
6957,2,1
6958,2,1
6959,2,0
6960,4,1
6961,2,0
6962,4,0
6963,2,1
6964,2,1
6965,2,0
6966,2,1
6967,2,0
6968,0,0
6969,2,0
6970,2,1
6971,2,1
6972,0,0
6973,2,0
6974,2,1
6975,2,0
6976,2,2
6977,2,1
6978,0,0
6979,2,0
6980,2,1
6981,4,1
6982,2,0
6983,2,0
6984,2,0
6985,4,1
6986,2,0
6987,2,0
6988,4,1
6989,2,0
6990,2,1
6991,2,0
6992,2,0
6993,0,0
6994,2,0
6995,4,0
6996,2,0
6997,4,0
6998,2,2
6999,2,1
7000,2,1
7001,2,1
7002,4,1
7003,2,0
7004,2,1
7005,2,1
7006,2,2
7007,2,0
7008,2,1
7009,2,0
7010,2,1
7011,2,0
7012,2,0
7013,2,0
7014,2,0
7015,2,1
7016,2,1
7017,2,0
7018,2,0
7019,4,0
7020,2,0
7021,4,1
7022,2,1
7023,2,0
7024,2,0
7025,2,0
7026,2,0
7027,2,1
7028,2,0
7029,2,0
7030,2,0
7031,2,1
7032,2,1
7033,4,1
7034,2,1
7035,2,0
7036,4,0
7037,2,1
7038,2,0
7039,2,1
7040,0,0
7041,2,0
7042,2,1
7043,0,0
7044,2,0
7045,2,0
7046,2,0
7047,2,0
7048,2,0
7049,4,0
7050,2,0
7051,2,1
7052,4,1
7053,2,0
7054,2,0
7055,2,0
7056,2,1
7057,2,2
7058,2,0
7059,2,0
7060,2,0
7061,2,0
7062,2,0
7063,2,0
7064,2,1
7065,2,1
7066,2,0
7067,2,1
7068,2,0
7069,2,0
7070,2,0
7071,0,0
7072,2,1
7073,2,0
7074,2,1
7075,2,1
7076,2,1
7077,4,0
7078,2,1
7079,2,0
7080,2,0
7081,4,2
7082,2,1
7083,2,1
7084,2,1
7085,2,0
7086,4,1
7087,2,2
7088,2,1
7089,4,0
7090,2,0
7091,2,0
7092,2,0
7093,2,0
7094,2,1
7095,2,1
7096,2,1
7097,4,2
7098,4,2
7099,4,1
7100,2,1
7101,2,0
7102,4,1
7103,2,1
7104,2,1
7105,2,1
7106,4,1
7107,0,0
7108,4,1
7109,0,0
7110,2,1
7111,2,0
7112,2,1
7113,2,2
7114,2,0
7115,4,1
7116,2,1
7117,2,0
7118,2,1
7119,2,0
7120,2,0
7121,2,0
7122,2,0
7123,2,1
7124,2,0
7125,2,0
7126,2,0
7127,4,1
7128,0,0
7129,2,1
7130,2,1
7131,2,0
7132,2,2
7133,2,1
7134,2,1
7135,2,0
7136,4,0
7137,2,0
7138,4,3
7139,2,1
7140,4,1
7141,2,2
7142,4,1
7143,2,0
7144,2,2
7145,2,1
7146,2,2
7147,2,1
7148,4,2
7149,2,0
7150,0,0
7151,2,0
7152,2,0
7153,2,0
7154,2,1
7155,2,0
7156,4,1
7157,0,0
7158,2,1
7159,2,0
7160,2,0
7161,4,1
7162,2,0
7163,0,0
7164,2,0
7165,4,1
7166,2,0
7167,2,0
7168,2,1
7169,2,0
7170,4,1
7171,2,1
7172,2,1
7173,2,1
7174,4,0
7175,2,1
7176,2,1
7177,2,1
7178,2,1
7179,2,0
7180,0,0
7181,2,0
7182,2,1
7183,2,0
7184,2,0
7185,2,1
7186,0,0
7187,2,0
7188,2,1
7189,2,1
7190,2,1
7191,0,0
7192,2,1
7193,2,0
7194,2,1
7195,2,1
7196,2,0
7197,2,2
7198,2,1
7199,2,0
7200,2,1
7201,2,0
7202,2,0
7203,2,0
7204,2,0
7205,2,2
7206,4,2
7207,2,1
7208,2,1
7209,2,0
7210,2,1
7211,4,1
7212,2,0
7213,4,1
7214,2,0
7215,2,0
7216,2,1
7217,2,1
7218,2,1
7219,2,0
7220,0,0
7221,2,1
7222,2,1
7223,2,0
7224,2,1
7225,2,0
7226,0,0
7227,2,0
7228,2,0
7229,2,0
7230,4,3
7231,2,0
7232,4,1
7233,2,2
7234,2,0
7235,2,1
7236,2,1
7237,2,0
7238,2,1
7239,4,1
7240,2,0
7241,0,0
7242,2,1
7243,2,0
7244,4,2
7245,4,1
7246,2,0
7247,2,0
7248,4,0
7249,2,0
7250,2,0
7251,2,0
7252,2,1
7253,2,0
7254,2,1
7255,2,0
7256,4,3
7257,0,0
7258,2,1
7259,2,0
7260,2,1
7261,4,0
7262,2,1
7263,2,0
7264,2,0
7265,0,0
7266,2,0
7267,2,0
7268,2,2
7269,2,2
7270,4,2
7271,2,1
7272,2,1
7273,2,1
7274,2,0
7275,0,0
7276,4,2
7277,2,0
7278,4,0
7279,2,0
7280,2,2
7281,2,0
7282,2,0
7283,2,2
7284,2,1
7285,2,1
7286,0,0
7287,2,1
7288,2,0
7289,2,1
7290,2,1
7291,2,1
7292,2,0
7293,2,1
7294,2,0
7295,2,1
7296,2,0
7297,2,1
7298,2,1
7299,4,2
7300,2,0
7301,2,1
7302,2,1
7303,2,1
7304,2,0
7305,0,0
7306,2,1
7307,2,0
7308,2,1
7309,4,1
7310,2,1
7311,2,0
7312,2,0
7313,4,2
7314,0,0
7315,2,0
7316,2,0
7317,4,1
7318,2,0
7319,2,0
7320,4,1
7321,2,0
7322,2,1
7323,2,0
7324,2,1
7325,2,0
7326,4,1
7327,2,0
7328,2,1
7329,2,0
7330,2,1
7331,2,1
7332,4,1
7333,2,0
7334,2,0
7335,2,1
7336,2,1
7337,2,1
7338,2,0
7339,2,1
7340,2,1
7341,2,1
7342,4,1
7343,4,1
7344,2,0
7345,0,0
7346,2,0
7347,4,1
7348,4,0
7349,2,0
7350,2,0
7351,2,0
7352,4,1
7353,4,1
7354,2,0
7355,4,0
7356,2,0
7357,2,0
7358,2,1
7359,2,0
7360,0,0
7361,2,1
7362,2,0
7363,4,2
7364,0,0
7365,2,1
7366,2,0
7367,2,0
7368,4,0
7369,4,0
7370,2,0
7371,4,1
7372,2,0
7373,4,0
7374,2,1
7375,2,0
7376,0,0
7377,2,0
7378,4,2
7379,0,0
7380,2,0
7381,2,0
7382,2,1
7383,4,1
7384,2,1
7385,2,0
7386,2,0
7387,2,0
7388,2,0
7389,2,1
7390,4,0
7391,2,0
7392,2,1
7393,2,1
7394,2,1
7395,4,1
7396,2,1
7397,2,1
7398,2,1
7399,2,0
7400,2,0
7401,2,0
7402,2,0
7403,0,0
7404,4,1
7405,2,0
7406,4,1
7407,0,0
7408,0,0
7409,2,0
7410,2,1
7411,2,1
7412,2,0
7413,2,0
7414,2,0
7415,2,1
7416,0,0
7417,2,1
7418,2,1
7419,2,0
7420,2,0
7421,2,0
7422,2,1
7423,2,0
7424,2,1
7425,2,0
7426,2,1
7427,2,1
7428,2,0
7429,2,1
7430,4,1
7431,2,0
7432,2,0
7433,2,0
7434,2,2
7435,2,1
7436,2,0
7437,2,0
7438,0,0
7439,2,0
7440,4,2
7441,4,0
7442,4,0
7443,2,0
7444,2,0
7445,2,1
7446,4,1
7447,4,0
7448,2,1
7449,4,2
7450,4,2
7451,2,2
7452,2,0
7453,2,0
7454,2,0
7455,2,0
7456,2,2
7457,2,0
7458,2,1
7459,2,1
7460,2,0
7461,2,1
7462,2,1
7463,2,0
7464,2,2
7465,4,2
7466,2,0
7467,2,1
7468,2,1
7469,2,0
7470,2,0
7471,0,0
7472,2,0
7473,0,0
7474,2,0
7475,2,1
7476,2,0
7477,2,1
7478,4,0
7479,4,0
7480,2,0
7481,2,1
7482,2,0
7483,2,1
7484,2,1
7485,2,0
7486,2,0
7487,2,0
7488,2,1
7489,2,1
7490,2,0
7491,4,0
7492,4,2
7493,2,0
7494,2,1
7495,2,2
7496,2,0
7497,4,1
7498,2,0
7499,2,2
7500,4,1
7501,2,0
7502,4,1
7503,2,1
7504,0,0
7505,2,1
7506,2,0
7507,2,0
7508,4,1
7509,2,0
7510,2,0
7511,2,1
7512,4,0
7513,2,0
7514,4,2
7515,2,1
7516,4,0
7517,2,0
7518,2,1
7519,2,1
7520,4,1
7521,2,0
7522,2,0
7523,2,0
7524,2,1
7525,4,2
7526,2,0
7527,0,0
7528,2,0
7529,2,0
7530,4,3
7531,2,0
7532,2,0
7533,0,0
7534,2,1
7535,2,2
7536,4,1
7537,0,0
7538,2,0
7539,2,0
7540,2,1
7541,2,0
7542,2,0
7543,4,1
7544,2,1
7545,2,0
7546,4,1
7547,2,0
7548,2,1
7549,2,1
7550,2,1
7551,2,1
7552,2,1
7553,2,1
7554,2,0
7555,2,0
7556,4,1
7557,2,1
7558,2,0
7559,4,0
7560,2,0
7561,2,2
7562,2,1
7563,2,0
7564,2,0
7565,4,1
7566,2,1
7567,4,1
7568,2,0
7569,2,0
7570,2,0
7571,4,2
7572,2,0
7573,2,0
7574,2,0
7575,2,1
7576,2,0
7577,2,0
7578,2,0
7579,2,0
7580,2,2
7581,0,0
7582,4,2
7583,2,1
7584,2,0
7585,2,0
7586,2,0
7587,2,0
7588,2,1
7589,4,1
7590,2,1
7591,0,0
7592,2,1
7593,4,0
7594,4,1
7595,2,0
7596,2,0
7597,0,0
7598,2,1
7599,2,0
7600,2,0
7601,2,1
7602,2,0
7603,4,0
7604,2,0
7605,2,0
7606,2,0
7607,2,0
7608,2,0
7609,4,0
7610,2,1
7611,2,0
7612,2,1
7613,2,0
7614,2,0
7615,2,1
7616,2,0
7617,2,1
7618,2,0
7619,2,1
7620,2,0
7621,4,1
7622,2,1
7623,2,1
7624,2,1
7625,2,0
7626,4,1
7627,2,0
7628,2,0
7629,2,0
7630,2,0
7631,2,1
7632,4,1
7633,2,1
7634,4,0
7635,4,0
7636,2,0
7637,2,0
7638,2,0
7639,2,2
7640,2,1
7641,2,1
7642,2,0
7643,2,1
7644,4,2
7645,2,2
7646,4,0
7647,2,0
7648,2,1
7649,2,0
7650,4,0
7651,2,0
7652,2,0
7653,2,0
7654,2,1
7655,2,0
7656,2,1
7657,4,1
7658,0,0
7659,2,1
7660,2,1
7661,0,0
7662,2,0
7663,2,0
7664,0,0
7665,2,0
7666,2,1
7667,0,0
7668,2,1
7669,2,0
7670,2,1
7671,0,0
7672,2,1
7673,2,0
7674,2,1
7675,4,1
7676,2,0
7677,0,0
7678,2,2
7679,2,0
7680,2,1
7681,2,0
7682,2,1
7683,2,0
7684,2,0
7685,2,1
7686,0,0
7687,0,0
7688,2,0
7689,2,0
7690,2,0
7691,2,0
7692,4,2
7693,2,0
7694,2,1
7695,2,1
7696,2,0
7697,2,0
7698,2,1
7699,2,1
7700,2,0
7701,2,1
7702,2,0
7703,2,1
7704,2,2
7705,0,0
7706,2,1
7707,2,1
7708,2,1
7709,2,0
7710,2,1
7711,0,0
7712,2,1
7713,2,0
7714,0,0
7715,2,0
7716,2,1
7717,2,1
7718,2,0
7719,0,0
7720,2,0
7721,2,1
7722,2,1
7723,2,0
7724,2,0
7725,2,1
7726,0,0
7727,0,0
7728,0,0
7729,2,0
7730,2,1
7731,2,0
7732,2,0
7733,2,1
7734,4,2
7735,2,0
7736,0,0
7737,2,1
7738,2,0
7739,2,0
7740,2,0
7741,4,1
7742,2,0
7743,2,1
7744,0,0
7745,2,1
7746,2,1
7747,4,2
7748,4,3
7749,4,0
7750,2,2
7751,2,0
7752,2,2
7753,0,0
7754,2,0
7755,2,0
7756,2,0
7757,2,0
7758,2,1
7759,2,0
7760,2,0
7761,0,0
7762,4,0
7763,2,0
7764,2,1
7765,4,0
7766,2,0
7767,2,0
7768,2,1
7769,2,0
7770,2,0
7771,2,1
7772,2,1
7773,2,0
7774,4,0
7775,4,0
7776,2,1
7777,2,0
7778,4,1
7779,2,0
7780,2,0
7781,2,0
7782,2,0
7783,2,0
7784,2,0
7785,0,0
7786,2,0
7787,2,2
7788,4,2
7789,0,0
7790,2,1
7791,2,1
7792,4,1
7793,4,3
7794,2,0
7795,4,0
7796,2,1
7797,0,0
7798,2,0
7799,4,2
7800,2,0
7801,0,0
7802,4,1
7803,2,1
7804,2,1
7805,0,0
7806,4,0
7807,2,1
7808,2,0
7809,2,2
7810,2,0
7811,4,1
7812,2,0
7813,0,0
7814,2,0
7815,2,1
7816,2,1
7817,2,0
7818,2,1
7819,2,1
7820,2,1
7821,2,0
7822,2,1
7823,2,0
7824,2,1
7825,0,0
7826,2,0
7827,2,0
7828,2,1
7829,4,0
7830,0,0
7831,2,1
7832,2,0
7833,2,0
7834,2,1
7835,0,0
7836,4,1
7837,2,2
7838,2,1
7839,2,0
7840,2,1
7841,2,1
7842,2,2
7843,4,0
7844,2,0
7845,2,0
7846,2,1
7847,4,1
7848,2,1
7849,2,1
7850,0,0
7851,2,1
7852,2,0
7853,2,0
7854,0,0
7855,0,0
7856,2,1
7857,0,0
7858,4,3
7859,2,1
7860,2,0
7861,0,0
7862,2,0
7863,2,1
7864,0,0
7865,2,1
7866,2,1
7867,2,1
7868,0,0
7869,2,1
7870,2,1
7871,4,0
7872,2,0
7873,4,0
7874,2,1
7875,2,1
7876,0,0
7877,2,1
7878,4,1
7879,4,0
7880,2,0
7881,2,0
7882,2,2
7883,2,0
7884,2,0
7885,2,0
7886,2,0
7887,2,0
7888,2,1
7889,4,0
7890,4,0
7891,2,2
7892,2,0
7893,4,2
7894,2,0
7895,2,0
7896,2,0
7897,4,0
7898,2,0
7899,0,0
7900,2,1
7901,2,1
7902,2,1
7903,2,1
7904,2,1
7905,2,0
7906,2,0
7907,2,0
7908,2,0
7909,2,0
7910,2,0
7911,2,1
7912,4,0
7913,2,1
7914,2,1
7915,2,0
7916,2,0
7917,2,1
7918,4,1
7919,2,1
7920,2,1
7921,2,1
7922,4,0
7923,2,0
7924,4,1
7925,2,1
7926,2,0
7927,2,0
7928,2,0
7929,4,2
7930,2,1
7931,2,0
7932,4,2
7933,2,1
7934,0,0
7935,2,1
7936,2,1
7937,2,0
7938,4,1
7939,2,1
7940,4,0
7941,2,0
7942,2,0
7943,2,0
7944,2,0
7945,2,0
7946,2,0
7947,4,0
7948,2,0
7949,2,0
7950,2,1
7951,4,1
7952,2,0
7953,2,1
7954,2,1
7955,4,0
7956,4,3
7957,2,0
7958,2,0
7959,4,0
7960,4,1
7961,2,2
7962,4,2
7963,2,2
7964,2,0
7965,4,1
7966,2,1
7967,2,0
7968,2,1
7969,2,1
7970,2,0
7971,2,2
7972,2,1
7973,2,0
7974,2,0
7975,2,0
7976,4,2
7977,2,0
7978,4,1
7979,0,0
7980,2,0
7981,2,0
7982,0,0
7983,4,2
7984,2,0
7985,2,0
7986,2,2
7987,0,0
7988,0,0
7989,2,1
7990,2,1
7991,2,1
7992,2,0
7993,2,0
7994,2,0
7995,4,0
7996,2,0
7997,6,2
7998,2,0
7999,2,1
8000,4,1
8001,2,0
8002,4,0
8003,2,1
8004,2,0
8005,2,0
8006,2,1
8007,2,0
8008,4,1
8009,2,0
8010,2,0
8011,2,0
8012,2,1
8013,2,0
8014,2,1
8015,2,1
8016,4,2
8017,2,1
8018,2,1
8019,2,0
8020,2,2
8021,2,0
8022,0,0
8023,2,1
8024,2,1
8025,2,0
8026,2,1
8027,2,1
8028,2,1
8029,2,2
8030,2,0
8031,2,0
8032,2,2
8033,2,1
8034,4,1
8035,2,1
8036,2,0
8037,2,2
8038,2,1
8039,2,0
8040,2,1
8041,2,1
8042,2,1
8043,2,0
8044,0,0
8045,2,0
8046,2,0
8047,4,1
8048,2,1
8049,2,0
8050,2,1
8051,4,0
8052,2,2
8053,2,1
8054,2,0
8055,2,0
8056,1,0
8057,2,0
8058,2,1
8059,2,0
8060,2,0
8061,2,0
8062,4,3
8063,2,0
8064,2,0
8065,2,0
8066,2,0
8067,2,0
8068,2,0
8069,4,1
8070,4,0
8071,2,0
8072,2,0
8073,4,1
8074,2,0
8075,2,0
8076,2,0
8077,2,0
8078,2,0
8079,2,0
8080,2,1
8081,2,0
8082,4,0
8083,2,0
8084,2,1
8085,2,1
8086,2,1
8087,4,0
8088,4,0
8089,2,1
8090,2,0
8091,2,1
8092,2,0
8093,2,0
8094,2,0
8095,2,0
8096,2,0
8097,2,1
8098,2,0
8099,2,0
8100,2,1
8101,2,0
8102,2,0
8103,2,0
8104,2,0
8105,2,1
8106,4,0
8107,2,0
8108,2,2
8109,0,0
8110,4,0
8111,2,2
8112,2,1
8113,2,1
8114,2,2
8115,4,3
8116,2,0
8117,2,1
8118,4,1
8119,2,1
8120,2,0
8121,2,1
8122,4,1
8123,4,2
8124,2,0
8125,2,0
8126,4,1
8127,2,1
8128,2,0
8129,2,0
8130,0,0
8131,2,1
8132,0,0
8133,2,1
8134,2,0
8135,2,0
8136,2,0
8137,2,0
8138,2,1
8139,4,1
8140,2,1
8141,2,0
8142,2,0
8143,4,0
8144,2,0
8145,4,0
8146,4,0
8147,2,1
8148,2,1
8149,2,0
8150,2,1
8151,2,0
8152,2,1
8153,2,1
8154,0,0
8155,2,0
8156,2,1
8157,2,0
8158,2,1
8159,2,0
8160,2,0
8161,2,1
8162,0,0
8163,2,0
8164,2,1
8165,2,1
8166,2,1
8167,2,1
8168,2,0
8169,4,1
8170,2,1
8171,2,1
8172,2,0
8173,2,0
8174,0,0
8175,4,2
8176,2,1
8177,2,1
8178,2,1
8179,4,1
8180,2,1
8181,2,0
8182,2,1
8183,2,0
8184,2,1
8185,2,0
8186,4,0
8187,2,0
8188,0,0
8189,4,2
8190,2,1
8191,2,1
8192,2,0
8193,2,0
8194,2,1
8195,2,1
8196,4,0
8197,2,1
8198,2,1
8199,2,1
8200,2,0
8201,2,1
8202,2,0
8203,2,1
8204,4,0
8205,0,0
8206,2,1
8207,2,1
8208,2,0
8209,2,1
8210,2,1
8211,4,2
8212,2,1
8213,4,1
8214,4,1
8215,2,1
8216,2,0
8217,2,1
8218,2,0
8219,4,2
8220,4,3
8221,2,1
8222,2,1
8223,2,0
8224,2,0
8225,2,0
8226,2,1
8227,2,0
8228,2,1
8229,2,1
8230,4,1
8231,2,0
8232,4,2
8233,4,3
8234,4,0
8235,2,0
8236,4,1
8237,2,1
8238,2,0
8239,2,0
8240,2,0
8241,2,0
8242,2,1
8243,2,0
8244,4,1
8245,2,0
8246,2,1
8247,2,0
8248,2,0
8249,2,0
8250,2,0
8251,4,0
8252,4,2
8253,2,0
8254,2,0
8255,2,0
8256,2,0
8257,2,2
8258,2,0
8259,2,2
8260,2,1
8261,2,1
8262,2,0
8263,2,0
8264,2,1
8265,2,0
8266,2,1
8267,2,1
8268,2,0
8269,0,0
8270,2,1
8271,2,1
8272,2,0
8273,2,0
8274,2,1
8275,2,0
8276,2,0
8277,0,0
8278,2,0
8279,2,0
8280,2,0
8281,2,0
8282,0,0
8283,2,1
8284,2,1
8285,2,2
8286,2,0
8287,2,1
8288,4,1
8289,2,1
8290,2,1
8291,4,2
8292,0,0
8293,4,0
8294,4,0
8295,2,1
8296,2,1
8297,4,0
8298,4,0
8299,2,0
8300,2,0
8301,0,0
8302,2,1
8303,2,0
8304,4,1
8305,4,2
8306,2,1
8307,2,0
8308,4,2
8309,2,0
8310,4,2
8311,2,1
8312,2,1
8313,2,0
8314,2,1
8315,2,0
8316,2,1
8317,2,1
8318,2,0
8319,2,1
8320,0,0
8321,2,1
8322,2,0
8323,0,0
8324,2,0
8325,2,0
8326,2,1
8327,2,0
8328,2,1
8329,2,0
8330,2,0
8331,2,0
8332,2,1
8333,2,0
8334,2,0
8335,2,0
8336,2,0
8337,0,0
8338,2,1
8339,2,1
8340,4,2
8341,2,1
8342,2,0
8343,2,2
8344,2,1
8345,2,0
8346,0,0
8347,2,0
8348,2,1
8349,2,0
8350,2,1
8351,2,0
8352,2,0
8353,2,2
8354,2,1
8355,2,0
8356,2,1
8357,2,1
8358,2,1
8359,2,0
8360,4,1
8361,2,0
8362,2,1
8363,0,0
8364,4,2
8365,4,1
8366,2,0
8367,0,0
8368,4,0
8369,2,1
8370,4,0
8371,2,0
8372,4,2
8373,2,0
8374,2,1
8375,2,1
8376,2,1
8377,2,0
8378,2,1
8379,2,0
8380,2,0
8381,2,0
8382,2,0
8383,2,1
8384,2,0
8385,2,0
8386,2,0
8387,2,0
8388,2,1
8389,0,0
8390,2,1
8391,2,1
8392,2,0
8393,2,1
8394,2,0
8395,2,0
8396,2,1
8397,2,1
8398,2,1
8399,0,0
8400,4,1
8401,2,1
8402,2,0
8403,4,0
8404,4,1
8405,2,1
8406,2,1
8407,4,1
8408,2,0
8409,0,0
8410,2,0
8411,2,0
8412,2,0
8413,2,2
8414,2,0
8415,2,0
8416,4,0
8417,2,1
8418,2,0
8419,4,0
8420,4,1
8421,2,0
8422,2,0
8423,2,0
8424,0,0
8425,4,0
8426,2,0
8427,2,0
8428,2,2
8429,0,0
8430,1,0
8431,2,0
8432,2,1
8433,2,0
8434,2,1
8435,2,2
8436,2,1
8437,2,0
8438,2,0
8439,2,0
8440,4,1
8441,2,1
8442,2,1
8443,2,1
8444,2,0
8445,2,1
8446,2,0
8447,4,3
8448,2,1
8449,4,1
8450,2,0
8451,2,0
8452,2,1
8453,2,0
8454,0,0
8455,2,0
8456,2,0
8457,2,1
8458,2,1
8459,4,0
8460,2,0
8461,2,1
8462,2,1
8463,4,0
8464,2,1
8465,2,1
8466,2,1
8467,2,0
8468,2,1
8469,2,1
8470,2,0
8471,4,0
8472,4,2
8473,2,1
8474,2,1
8475,2,0
8476,0,0
8477,2,0
8478,2,1
8479,2,1
8480,2,2
8481,2,0
8482,0,0
8483,4,1
8484,2,0
8485,4,1
8486,4,1
8487,2,0
8488,2,1
8489,4,0
8490,2,0
8491,2,0
8492,2,0
8493,2,1
8494,2,2
8495,2,0
8496,0,0
8497,2,0
8498,2,0
8499,4,0
8500,4,0
8501,2,0
8502,2,1
8503,2,0
8504,2,0
8505,2,1
8506,2,1
8507,2,0
8508,2,0
8509,2,1
8510,2,0
8511,2,0
8512,2,0
8513,2,1
8514,2,0
8515,2,2
8516,2,1
8517,2,0
8518,0,0
8519,2,2
8520,2,1
8521,2,2
8522,0,0
8523,0,0
8524,0,0
8525,2,1
8526,4,3
8527,2,0
8528,0,0
8529,2,1
8530,4,1
8531,2,1
8532,2,0
8533,2,0
8534,2,0
8535,4,2
8536,2,0
8537,2,1
8538,2,0
8539,2,0
8540,2,0
8541,2,1
8542,0,0
8543,2,2
8544,0,0
8545,2,0
8546,2,2
8547,2,1
8548,2,0
8549,2,2
8550,2,1
8551,2,0
8552,0,0
8553,2,0
8554,2,1
8555,0,0
8556,4,2
8557,4,1
8558,2,0
8559,2,1
8560,4,2
8561,2,0
8562,2,0
8563,4,1
8564,2,0
8565,0,0
8566,4,0
8567,2,0
8568,0,0
8569,2,1
8570,2,1
8571,2,2
8572,2,1
8573,2,1
8574,2,0
8575,4,0
8576,2,2
8577,4,1
8578,2,0
8579,2,2
8580,2,1
8581,2,1
8582,2,0
8583,2,0
8584,2,0
8585,2,0
8586,2,1
8587,2,1
8588,2,0
8589,4,0
8590,2,0
8591,2,0
8592,2,0
8593,2,1
8594,2,1
8595,2,0
8596,2,1
8597,2,0
8598,2,0
8599,2,0
8600,2,1
8601,2,1
8602,2,1
8603,2,0
8604,2,0
8605,4,0
8606,2,1
8607,0,0
8608,4,2
8609,0,0
8610,2,0
8611,2,0
8612,2,0
8613,2,1
8614,4,1
8615,2,0
8616,2,1
8617,4,1
8618,2,0
8619,2,1
8620,0,0
8621,4,3
8622,4,0
8623,2,1
8624,2,0
8625,2,1
8626,2,0
8627,2,1
8628,2,0
8629,2,0
8630,2,0
8631,4,0
8632,2,1
8633,2,0
8634,2,1
8635,4,1
8636,2,1
8637,2,2
8638,2,0
8639,2,0
8640,2,1
8641,2,1
8642,2,0
8643,2,0
8644,2,0
8645,2,1
8646,2,1
8647,2,0
8648,2,0
8649,2,0
8650,2,0
8651,2,2
8652,2,0
8653,2,0
8654,4,2
8655,4,0
8656,2,1
8657,4,0
8658,2,1
8659,4,0
8660,4,1
8661,2,0
8662,2,1
8663,2,0
8664,2,0
8665,2,0
8666,0,0
8667,0,0
8668,2,0
8669,2,1
8670,4,1
8671,2,1
8672,4,1
8673,2,0
8674,2,0
8675,2,1
8676,2,0
8677,0,0
8678,2,1
8679,2,1
8680,2,1
8681,2,0
8682,2,1
8683,2,0
8684,4,1
8685,2,1
8686,2,1
8687,2,0
8688,2,0
8689,2,0
8690,2,0
8691,2,0
8692,2,0
8693,4,2
8694,4,1
8695,2,1
8696,2,0
8697,2,1
8698,2,0
8699,2,0
8700,2,0
8701,2,1
8702,2,0
8703,4,2
8704,2,0
8705,2,0
8706,2,0
8707,2,0
8708,2,0
8709,0,0
8710,2,2
8711,2,1
8712,2,1
8713,2,0
8714,2,1
8715,0,0
8716,4,1
8717,2,0
8718,2,1
8719,2,0
8720,2,1
8721,4,2
8722,2,0
8723,2,0
8724,2,0
8725,4,2
8726,0,0
8727,2,0
8728,2,0
8729,2,0
8730,4,0
8731,4,2
8732,2,1
8733,2,1
8734,2,0
8735,2,0
8736,2,0
8737,2,0
8738,2,0
8739,2,0
8740,2,0
8741,2,0
8742,2,0
8743,2,2
8744,2,1
8745,2,1
8746,2,1
8747,2,0
8748,2,1
8749,2,1
8750,2,1
8751,2,1
8752,2,2
8753,2,0
8754,4,1
8755,2,0
8756,2,0
8757,4,0
8758,2,1
8759,2,0
8760,2,1
8761,2,1
8762,2,0
8763,2,0
8764,2,0
8765,4,1
8766,2,1
8767,2,0
8768,2,0
8769,2,0
8770,4,1
8771,2,1
8772,2,1
8773,2,1
8774,2,1
8775,2,0
8776,2,1
8777,2,0
8778,2,1
8779,0,0
8780,2,1
8781,2,1
8782,0,0
8783,2,0
8784,2,2
8785,2,1
8786,2,0
8787,4,2
8788,2,1
8789,2,0
8790,2,0
8791,4,1
8792,2,1
8793,0,0
8794,2,1
8795,4,2
8796,2,0
8797,0,0
8798,2,1
8799,2,0
8800,2,0
8801,4,1
8802,2,1
8803,2,0
8804,0,0
8805,2,1
8806,2,0
8807,2,0
8808,2,1
8809,2,0
8810,0,0
8811,2,1
8812,4,1
8813,2,0
8814,2,0
8815,2,1
8816,2,1
8817,2,1
8818,0,0
8819,2,0
8820,2,0
8821,2,0
8822,2,0
8823,2,1
8824,0,0
8825,0,0
8826,2,0
8827,2,0
8828,2,1
8829,2,0
8830,2,0
8831,4,1
8832,2,0
8833,2,0
8834,2,1
8835,2,1
8836,2,1
8837,2,0
8838,2,1
8839,2,1
8840,2,0
8841,2,0
8842,4,0
8843,4,0
8844,2,0
8845,2,0
8846,2,0
8847,2,1
8848,4,1
8849,4,0
8850,2,1
8851,2,0
8852,2,1
8853,2,2
8854,4,1
8855,0,0
8856,2,1
8857,2,1
8858,2,1
8859,2,0
8860,2,1
8861,4,1
8862,2,1
8863,2,0
8864,4,2
8865,2,0
8866,4,1
8867,2,0
8868,2,0
8869,2,0
8870,2,1
8871,2,0
8872,4,1
8873,2,1
8874,2,1
8875,2,1
8876,2,1
8877,2,0
8878,0,0
8879,2,1
8880,2,1
8881,2,0
8882,2,1
8883,4,0
8884,2,0
8885,2,1
8886,4,2
8887,2,2
8888,2,0
8889,4,0
8890,2,0
8891,2,0
8892,2,0
8893,2,1
8894,2,1
8895,2,0
8896,2,1
8897,2,0
8898,2,0
8899,2,1
8900,2,0
8901,2,1
8902,2,0
8903,2,0
8904,2,1
8905,2,0
8906,4,2
8907,2,1
8908,2,0
8909,2,2
8910,2,0
8911,2,1
8912,2,0
8913,2,0
8914,2,1
8915,2,1
8916,0,0
8917,4,2
8918,0,0
8919,2,1
8920,0,0
8921,4,0
8922,4,0
8923,2,0
8924,2,1
8925,2,2
8926,2,0
8927,0,0
8928,2,0
8929,2,0
8930,2,1
8931,4,0
8932,4,1
8933,4,2
8934,0,0
8935,2,0
8936,2,0
8937,4,1
8938,2,1
8939,2,0
8940,2,1
8941,2,2
8942,2,0
8943,4,1
8944,2,0
8945,2,1
8946,2,0
8947,2,1
8948,2,0
8949,2,0
8950,4,2
8951,2,0
8952,2,1
8953,2,1
8954,2,0
8955,2,2
8956,2,1
8957,2,0
8958,2,0
8959,2,0
8960,2,0
8961,2,1
8962,0,0
8963,2,0
8964,2,0
8965,0,0
8966,2,1
8967,4,1
8968,2,1
8969,2,2
8970,2,0
8971,2,0
8972,4,1
8973,4,1
8974,2,0
8975,2,1
8976,2,1
8977,2,1
8978,2,2
8979,2,0
8980,2,1
8981,2,1
8982,4,1
8983,2,0
8984,0,0
8985,2,0
8986,0,0
8987,2,0
8988,2,0
8989,0,0
8990,2,0
8991,2,1
8992,4,1
8993,2,1
8994,2,1
8995,0,0
8996,2,1
8997,0,0
8998,2,2
8999,2,1
9000,2,0
9001,2,0
9002,2,0
9003,2,1
9004,2,2
9005,2,0
9006,2,1
9007,2,0
9008,2,1
9009,2,1
9010,4,1
9011,4,1
9012,2,1
9013,2,2
9014,2,1
9015,2,2
9016,2,0
9017,2,0
9018,2,0
9019,0,0
9020,2,1
9021,2,0
9022,2,1
9023,2,1
9024,2,0
9025,4,1
9026,2,0
9027,2,1
9028,2,0
9029,4,3
9030,2,0
9031,2,0
9032,2,0
9033,2,0
9034,2,0
9035,2,1
9036,2,0
9037,2,0
9038,2,0
9039,2,1
9040,2,0
9041,2,0
9042,4,2
9043,0,0
9044,2,1
9045,2,1
9046,2,0
9047,2,1
9048,4,0
9049,2,1
9050,4,1
9051,4,2
9052,2,1
9053,2,1
9054,2,0
9055,2,0
9056,2,0
9057,2,0
9058,2,0
9059,2,0
9060,2,1
9061,2,0
9062,2,0
9063,2,1
9064,2,1
9065,4,1
9066,2,0
9067,2,1
9068,2,1
9069,2,1
9070,2,1
9071,2,1
9072,0,0
9073,2,0
9074,2,0
9075,2,0
9076,2,0
9077,2,1
9078,2,1
9079,2,0
9080,2,1
9081,2,1
9082,2,0
9083,2,0
9084,4,0
9085,2,1
9086,2,0
9087,2,1
9088,2,1
9089,2,0
9090,2,1
9091,2,1
9092,2,0
9093,4,1
9094,2,0
9095,4,1
9096,4,1
9097,4,1
9098,2,0
9099,2,1
9100,2,0
9101,2,0
9102,2,0
9103,4,1
9104,2,1
9105,2,0
9106,2,0
9107,2,0
9108,2,0
9109,2,0
9110,2,0
9111,2,1
9112,0,0
9113,2,0
9114,4,1
9115,2,0
9116,2,1
9117,2,1
9118,2,1
9119,0,0
9120,2,1
9121,2,1
9122,2,0
9123,2,0
9124,0,0
9125,2,1
9126,2,0
9127,2,1
9128,2,1
9129,2,1
9130,0,0
9131,2,1
9132,2,0
9133,2,0
9134,4,2
9135,2,1
9136,4,0
9137,2,2
9138,2,2
9139,2,0
9140,4,3
9141,4,2
9142,2,1
9143,4,0
9144,4,0
9145,2,0
9146,2,1
9147,2,1
9148,2,1
9149,2,0
9150,2,0
9151,4,0
9152,2,1
9153,2,1
9154,2,2
9155,4,0
9156,2,1
9157,2,0
9158,2,1
9159,0,0
9160,2,1
9161,2,0
9162,2,0
9163,2,0
9164,2,0
9165,0,0
9166,4,2
9167,4,1
9168,2,1
9169,2,0
9170,4,0
9171,2,0
9172,4,3
9173,2,0
9174,2,2
9175,2,1
9176,4,1
9177,2,1
9178,2,1
9179,2,1
9180,0,0
9181,0,0
9182,2,1
9183,2,1
9184,2,0
9185,2,2
9186,2,1
9187,2,0
9188,2,0
9189,2,1
9190,4,2
9191,2,1
9192,2,0
9193,2,0
9194,2,1
9195,2,0
9196,2,1
9197,2,0
9198,4,2
9199,2,0
9200,4,2
9201,2,1
9202,2,0
9203,2,1
9204,2,0
9205,0,0
9206,2,1
9207,2,0
9208,2,1
9209,2,0
9210,2,0
9211,2,2
9212,2,0
9213,2,1
9214,2,0
9215,2,0
9216,0,0
9217,4,1
9218,0,0
9219,0,0
9220,4,1
9221,0,0
9222,2,1
9223,2,1
9224,2,1
9225,2,0
9226,2,1
9227,4,1
9228,2,0
9229,2,0
9230,2,0
9231,2,0
9232,2,0
9233,2,1
9234,2,1
9235,4,0
9236,0,0
9237,4,1
9238,2,1
9239,2,0
9240,2,0
9241,2,1
9242,2,0
9243,2,0
9244,2,1
9245,4,0
9246,2,0
9247,4,0
9248,2,0
9249,4,2
9250,4,1
9251,2,2
9252,4,1
9253,2,0
9254,2,0
9255,2,1
9256,2,0
9257,2,0
9258,2,0
9259,2,0
9260,2,1
9261,2,1
9262,2,0
9263,2,0
9264,2,0
9265,2,1
9266,2,0
9267,2,0
9268,2,0
9269,4,0
9270,4,0
9271,2,0
9272,2,1
9273,4,0
9274,2,1
9275,4,0
9276,2,1
9277,2,0
9278,2,0
9279,2,0
9280,2,0
9281,4,1
9282,2,0
9283,2,0
9284,2,0
9285,4,2
9286,2,1
9287,2,0
9288,4,1
9289,2,2
9290,4,2
9291,0,0
9292,2,1
9293,2,0
9294,2,1
9295,2,0
9296,2,0
9297,4,2
9298,2,1
9299,0,0
9300,4,2
9301,0,0
9302,2,0
9303,2,1
9304,2,1
9305,4,2
9306,4,1
9307,4,0
9308,0,0
9309,2,0
9310,2,0
9311,2,0
9312,2,1
9313,4,0
9314,2,0
9315,2,0
9316,2,0
9317,2,0
9318,2,0
9319,2,0
9320,2,2
9321,0,0
9322,2,1
9323,2,1
9324,0,0
9325,4,1
9326,2,0
9327,2,1
9328,2,1
9329,4,3
9330,2,0
9331,2,0
9332,2,1
9333,4,2
9334,2,2
9335,2,0
9336,2,1
9337,2,1
9338,2,1
9339,4,1
9340,2,0
9341,2,0
9342,0,0
9343,4,0
9344,2,0
9345,2,0
9346,2,1
9347,2,1
9348,2,0
9349,0,0
9350,0,0
9351,2,0
9352,4,1
9353,2,0
9354,2,0
9355,2,1
9356,4,0
9357,2,1
9358,2,0
9359,4,1
9360,2,1
9361,4,2
9362,2,1
9363,4,1
9364,2,0
9365,2,0
9366,2,0
9367,2,0
9368,0,0
9369,4,1
9370,2,0
9371,2,0
9372,4,1
9373,2,1
9374,2,0
9375,2,0
9376,2,0
9377,2,1
9378,2,1
9379,2,1
9380,2,0
9381,2,0
9382,2,1
9383,2,0
9384,4,0
9385,2,0
9386,2,0
9387,4,0
9388,2,0
9389,2,0
9390,2,0
9391,2,0
9392,2,1
9393,2,1
9394,4,1
9395,2,1
9396,2,0
9397,2,0
9398,2,1
9399,2,1
9400,4,1
9401,2,0
9402,2,0
9403,2,2
9404,2,1
9405,2,0
9406,2,0
9407,2,0
9408,2,0
9409,2,0
9410,4,3
9411,4,3
9412,2,1
9413,2,0
9414,2,0
9415,2,2
9416,2,1
9417,4,0
9418,2,1
9419,2,0
9420,4,1
9421,2,1
9422,2,1
9423,2,2
9424,2,2
9425,4,3
9426,2,0
9427,4,1
9428,2,0
9429,2,0
9430,2,1
9431,2,0
9432,2,0
9433,2,0
9434,2,0
9435,2,2
9436,4,0
9437,2,0
9438,4,0
9439,2,1
9440,2,0
9441,2,1
9442,4,3
9443,2,1
9444,4,1
9445,2,0
9446,2,0
9447,4,1
9448,2,0
9449,4,0
9450,2,1
9451,2,0
9452,2,1
9453,4,1
9454,2,0
9455,0,0
9456,4,0
9457,4,2
9458,4,1
9459,4,1
9460,2,0
9461,2,2
9462,4,1
9463,2,0
9464,2,1
9465,2,0
9466,2,1
9467,2,0
9468,2,0
9469,2,2
9470,2,1
9471,2,0
9472,2,0
9473,2,0
9474,2,0
9475,4,1
9476,2,0
9477,2,1
9478,2,0
9479,2,0
9480,4,0
9481,4,1
9482,2,0
9483,4,0
9484,2,0
9485,4,0
9486,4,1
9487,2,0
9488,4,0
9489,2,1
9490,2,0
9491,2,1
9492,2,1
9493,2,1
9494,2,0
9495,2,1
9496,2,1
9497,2,1
9498,4,2
9499,2,0
9500,0,0
9501,0,0
9502,0,0
9503,2,1
9504,2,0
9505,2,1
9506,2,0
9507,0,0
9508,2,1
9509,4,0
9510,4,3
9511,4,2
9512,2,1
9513,2,2
9514,2,1
9515,2,0
9516,2,0
9517,4,1
9518,2,1
9519,2,0
9520,2,0
9521,2,0
9522,4,0
9523,2,0
9524,2,0
9525,2,0
9526,2,1
9527,2,1
9528,2,0
9529,2,1
9530,2,1
9531,2,1
9532,2,1
9533,2,0
9534,2,0
9535,2,1
9536,2,0
9537,2,1
9538,2,1
9539,2,1
9540,4,2
9541,4,2
9542,2,0
9543,4,1
9544,2,1
9545,4,2
9546,2,0
9547,2,1
9548,2,0
9549,2,1
9550,2,1
9551,0,0
9552,4,0
9553,2,0
9554,2,1
9555,2,1
9556,4,0
9557,2,1
9558,2,1
9559,4,2
9560,4,1
9561,2,0
9562,2,0
9563,2,0
9564,2,1
9565,2,1
9566,2,1
9567,2,1
9568,2,0
9569,2,2
9570,4,2
9571,4,0
9572,4,0
9573,0,0
9574,4,1
9575,4,2
9576,2,2
9577,2,2
9578,2,0
9579,4,0
9580,4,0
9581,2,0
9582,2,0
9583,2,1
9584,2,1
9585,0,0
9586,2,2
9587,2,0
9588,4,1
9589,2,0
9590,2,0
9591,4,0
9592,4,0
9593,2,0
9594,2,1
9595,2,0
9596,2,1
9597,2,1
9598,2,0
9599,2,0
9600,2,1
9601,4,0
9602,4,3
9603,2,0
9604,2,0
9605,2,0
9606,0,0
9607,2,0
9608,2,2
9609,2,0
9610,2,0
9611,2,1
9612,2,2
9613,2,0
9614,4,1
9615,2,0
9616,2,0
9617,2,0
9618,2,1
9619,2,1
9620,2,0
9621,2,0
9622,2,0
9623,2,2
9624,2,1
9625,4,0
9626,2,0
9627,2,0
9628,2,1
9629,2,1
9630,4,1
9631,2,1
9632,2,0
9633,2,0
9634,2,1
9635,2,2
9636,2,1
9637,2,0
9638,2,0
9639,0,0
9640,0,0
9641,2,0
9642,2,0
9643,2,1
9644,2,1
9645,2,0
9646,2,0
9647,2,0
9648,2,0
9649,2,1
9650,2,1
9651,4,1
9652,4,1
9653,2,2
9654,2,0
9655,2,1
9656,4,0
9657,2,0
9658,2,0
9659,2,0
9660,2,0
9661,4,0
9662,2,0
9663,2,0
9664,2,0
9665,4,1
9666,2,1
9667,2,1
9668,2,1
9669,2,2
9670,2,1
9671,2,1
9672,2,0
9673,0,0
9674,2,0
9675,2,0
9676,2,1
9677,4,2
9678,0,0
9679,2,0
9680,2,0
9681,2,1
9682,0,0
9683,2,0
9684,2,0
9685,2,0
9686,2,1
9687,2,1
9688,2,0
9689,2,1
9690,4,0
9691,4,0
9692,2,0
9693,2,1
9694,0,0
9695,0,0
9696,2,0
9697,2,1
9698,4,0
9699,2,1
9700,2,0
9701,2,0
9702,4,0
9703,4,2
9704,4,0
9705,0,0
9706,2,1
9707,2,0
9708,4,0
9709,2,1
9710,2,0
9711,2,1
9712,2,1
9713,2,0
9714,2,0
9715,0,0
9716,2,1
9717,2,2
9718,2,0
9719,2,0
9720,2,0
9721,2,0
9722,2,0
9723,2,1
9724,4,1
9725,2,0
9726,2,1
9727,4,0
9728,2,0
9729,2,1
9730,2,0
9731,2,0
9732,2,1
9733,2,0
9734,2,0
9735,2,1
9736,2,0
9737,2,0
9738,2,1
9739,2,0
9740,2,0
9741,2,0
9742,0,0
9743,2,0
9744,2,0
9745,2,0
9746,2,0
9747,2,0
9748,2,0
9749,2,0
9750,2,2
9751,2,1
9752,2,0
9753,2,0
9754,2,0
9755,4,1
9756,2,0
9757,4,1
9758,2,1
9759,2,0
9760,2,0
9761,2,0
9762,0,0
9763,4,0
9764,2,1
9765,2,0
9766,0,0
9767,2,1
9768,0,0
9769,2,0
9770,2,0
9771,2,1
9772,2,1
9773,2,0
9774,4,1
9775,4,0
9776,2,0
9777,2,0
9778,2,1
9779,2,1
9780,0,0
9781,2,0
9782,4,1
9783,2,0
9784,2,1
9785,2,0
9786,2,1
9787,2,1
9788,2,0
9789,2,0
9790,2,0
9791,2,1
9792,2,1
9793,0,0
9794,2,0
9795,2,0
9796,2,1
9797,2,0
9798,4,0
9799,2,1
9800,2,0
9801,2,0
9802,2,1
9803,2,1
9804,2,1
9805,2,1
9806,2,1
9807,2,0
9808,2,0
9809,2,0
9810,2,1
9811,4,2
9812,2,0
9813,2,0
9814,2,1
9815,4,1
9816,2,0
9817,2,0
9818,2,2
9819,0,0
9820,4,1
9821,2,0
9822,2,1
9823,2,0
9824,2,0
9825,2,0
9826,2,2
9827,4,2
9828,2,1
9829,2,0
9830,2,1
9831,0,0
9832,2,2
9833,2,0
9834,4,0
9835,0,0
9836,2,0
9837,4,0
9838,2,1
9839,2,0
9840,0,0
9841,0,0
9842,2,0
9843,2,1
9844,2,1
9845,2,1
9846,2,0
9847,2,0
9848,2,1
9849,2,0
9850,4,1
9851,2,1
9852,2,0
9853,2,0
9854,2,1
9855,2,1
9856,2,0
9857,2,1
9858,2,1
9859,2,0
9860,2,0
9861,2,1
9862,4,1
9863,2,1
9864,2,1
9865,2,0
9866,2,1
9867,4,2
9868,4,0
9869,4,2
9870,2,0
9871,2,0
9872,2,0
9873,2,1
9874,2,0
9875,2,0
9876,2,0
9877,4,0
9878,2,1
9879,2,0
9880,0,0
9881,2,0
9882,2,1
9883,2,1
9884,2,1
9885,2,0
9886,4,2
9887,2,0
9888,2,1
9889,0,0
9890,4,1
9891,2,1
9892,2,1
9893,2,0
9894,2,0
9895,2,1
9896,2,1
9897,0,0
9898,2,1
9899,2,2
9900,4,1
9901,2,1
9902,2,0
9903,2,0
9904,2,0
9905,2,0
9906,2,1
9907,2,0
9908,2,1
9909,4,1
9910,4,1
9911,2,1
9912,2,1
9913,2,0
9914,2,1
9915,2,1
9916,2,0
9917,4,0
9918,2,1
9919,2,0
9920,2,0
9921,4,1
9922,2,0
9923,2,0
9924,2,1
9925,2,0
9926,2,1
9927,0,0
9928,2,0
9929,2,0
9930,2,0
9931,2,0
9932,2,0
9933,2,0
9934,4,3
9935,2,0
9936,2,1
9937,2,1
9938,2,2
9939,4,1
9940,0,0
9941,2,1
9942,2,1
9943,2,0
9944,0,0
9945,2,0
9946,2,0
9947,2,0
9948,0,0
9949,2,1
9950,2,1
9951,2,0
9952,2,0
9953,2,0
9954,2,0
9955,2,0
9956,2,0
9957,2,0
9958,2,0
9959,4,1
9960,2,0
9961,2,1
9962,2,1
9963,2,0
9964,2,1
9965,2,0
9966,2,0
9967,2,0
9968,2,1
9969,2,0
9970,2,0
9971,2,0
9972,2,0
9973,4,2
9974,4,1
9975,2,1
9976,2,1
9977,2,0
9978,2,1
9979,2,1
9980,2,1
9981,2,0
9982,4,0
9983,4,2
9984,2,1
9985,2,1
9986,2,1
9987,2,1
9988,2,1
9989,2,0
9990,4,0
9991,2,1
9992,4,0
9993,2,0
9994,2,1
9995,2,0
9996,4,2
9997,4,0
9998,2,0
9999,0,0
10000,4,3
